NAME,FPL,direction,layer,bar,qcal0,qped0,tdc0ns0,tdc25ns0,tdc0ns0_t17,tdc25ns0_t17,qcal1,qped1,tdc0ns1,tdc25ns1,tdc0ns1_t17,tdc25ns1_t17,tdiff_offset,sync_offset,vscint,ediff_offset,esync_offset,att,crate0,module0,channel0,sam0,gtb0,crate1,module1,channel1,sam1,gtb1,zpos
NeuLANDPla0H-0,13,H,0,0,1,44,1178,3284,1141,3281,1,41,1203,3278,1154,3276,62.9441,2.53446,7.97422,0.988408,0.061356,338.661,1,9,11,6,0,4,2,1,5,1,11165
NeuLANDPla0H-1,13,H,0,1,1,7,1326,3277,1141,3281,1,38,1126,3278,1154,3276,63.3898,2.33446,7.95455,0.998441,0.0609131,429.976,1,9,10,6,0,4,2,0,5,1,11165
NeuLANDPla0H-2,13,H,0,2,1,9,1177,3271,1141,3281,1,26,1216,3273,1154,3276,61.6039,1.93446,8.11796,1.01356,0.0619758,489.34,1,9,9,6,0,4,2,15,5,1,11165
NeuLANDPla0H-3,13,H,0,3,1,11,1214,3282,1141,3281,1,80,1156,3270,1154,3276,61.0149,2.33446,7.93882,1.01174,0.0618941,431.044,1,9,8,6,0,4,2,14,5,1,11165
NeuLANDPla0H-4,13,H,0,4,1,14,1307,3280,1236,3288,1,63,1159,3261,1154,3276,64.9227,4.13446,8.10695,0.98978,0.0606145,480.594,1,10,7,6,0,4,2,13,5,1,11165
NeuLANDPla0H-5,13,H,0,5,1,36,1341,3261,1236,3288,1,32,1172,3275,1154,3276,65.1804,4.13446,8.09249,1.00619,0.0621519,485.599,1,10,6,6,0,4,2,12,5,1,11165
NeuLANDPla0H-6,13,H,0,6,1,14,1282,3279,1236,3288,1,75,1218,3270,1154,3276,64.1359,4.53446,7.97682,1.00837,0.061683,480.236,1,10,5,6,0,4,2,11,5,1,11165
NeuLANDPla0H-7,13,H,0,7,1,11,1355,3259,1236,3288,1,76,1197,3270,1154,3276,64.5225,3.73446,8.0047,1.01429,0.0621676,407.287,1,10,4,6,0,4,2,10,5,1,11165
NeuLANDPla0H-8,13,H,0,8,1,43,1287,3284,1236,3288,1,61,1217,3270,1154,3276,64.5345,3.53446,8.22589,0.996355,0.0616165,531.169,1,10,3,6,0,4,2,9,5,1,11165
NeuLANDPla0H-9,13,H,0,9,1,11,1334,3268,1236,3288,1,29,1157,3269,1154,3276,65.3333,4.33446,8.14874,1.01033,0.0622981,472.262,1,10,2,6,0,4,2,8,5,1,11165
NeuLANDPla0H-10,13,H,0,10,1,5,1253,3271,1236,3288,1,18,1339,3272,1266,3277,64.8299,4.33446,8.07781,1.01314,0.0623049,436.485,1,10,1,6,0,4,3,7,5,1,11165
NeuLANDPla0H-11,13,H,0,11,1,40,1314,3265,1236,3288,1,40,1272,3282,1266,3277,63.841,3.54915,8.10695,1.00935,0.0621651,547.842,1,10,0,6,0,4,3,6,5,1,11165
NeuLANDPla0H-12,13,H,0,12,1,15,1253,3286,1236,3288,1,80,1255,3277,1266,3277,65.4773,3.8445,8.1185,1.0095,0.0619497,468.398,1,10,15,6,0,4,3,5,5,1,11165
NeuLANDPla0H-13,13,H,0,13,1,17,1255,3272,1236,3288,1,65,1271,3274,1266,3277,65.2365,3.92186,8.11903,1.01061,0.0621084,467.566,1,10,14,6,0,4,3,4,5,1,11165
NeuLANDPla0H-14,13,H,0,14,1,17,1234,3285,1236,3288,1,62,1309,3271,1266,3277,65.1145,4.10572,8.10748,1.00488,0.0614892,526.18,1,10,13,6,0,4,3,3,5,1,11165
NeuLANDPla0H-15,13,H,0,15,1,12,1250,3276,1236,3288,1,31,1274,3276,1266,3277,62.6006,3.76971,8.09784,1.00265,0.0625653,496.938,1,10,12,6,0,4,3,2,5,1,11165
NeuLANDPla0H-16,13,H,0,16,1,48,1250,3268,1236,3288,1,56,1289,3275,1266,3277,64.1281,3.68086,8.07196,1.01356,0.0621848,510.138,1,10,11,6,0,4,3,1,5,1,11165
NeuLANDPla0H-17,13,H,0,17,1,13,1343,3266,1236,3288,1,33,1248,3275,1266,3277,64.4965,3.5055,8.26056,1.01553,0.0614758,572.993,1,10,10,6,0,4,3,0,5,1,11165
NeuLANDPla0H-18,13,H,0,18,1,5,1251,3271,1236,3288,1,75,1279,3272,1266,3277,64.1158,4.85569,8.07196,1.00913,0.0619728,534.54,1,10,9,6,0,4,3,15,5,1,11165
NeuLANDPla0H-19,13,H,0,19,1,19,1375,3263,1236,3288,1,36,1285,3282,1266,3277,65.7508,3.74044,8.1193,1.01284,0.0618758,544.648,1,10,8,6,0,4,3,14,5,1,11165
NeuLANDPla0H-20,13,H,0,20,1,4,1192,3287,1119,3288,1,40,1350,3272,1266,3277,55.9632,-0.457389,8.22368,1.00645,0.0613563,597.697,2,8,7,6,1,4,3,13,5,1,11165
NeuLANDPla0H-21,13,H,0,21,1,56,1175,3277,1119,3288,1,33,1281,3275,1266,3277,57.5373,-0.0985916,8.15091,1.02258,0.0615947,511.422,2,8,6,6,1,4,3,12,5,1,11165
NeuLANDPla0H-22,13,H,0,22,1,24,1187,3280,1119,3288,1,32,1332,3269,1266,3277,55.8062,-0.44121,8.16585,1.01806,0.0624941,548.136,2,8,5,6,1,4,3,11,5,1,11165
NeuLANDPla0H-23,13,H,0,23,1,20,1261,3284,1119,3288,1,76,1281,3278,1266,3277,55.9298,-0.731038,8.13278,0.967572,0.0600323,521.2,2,8,4,6,1,4,3,10,5,1,11165
NeuLANDPla0H-24,13,H,0,24,1,7,1125,3282,1119,3288,1,54,1319,3270,1266,3277,55.4501,-0.42529,8.19179,1.01349,0.0617047,594.731,2,8,3,6,1,4,3,9,5,1,11165
NeuLANDPla0H-25,13,H,0,25,1,4,1162,3276,1119,3288,1,30,1259,3273,1266,3277,54.4121,-0.380754,8.11715,1.02133,0.0619285,588.419,2,8,2,6,1,4,3,8,5,1,11165
NeuLANDPla0H-26,13,H,0,26,1,37,1164,3284,1119,3288,1,100,1271,3273,1215,3277,53.9037,0.329921,8.17757,0.983109,0.0624613,538.612,2,8,1,6,1,4,4,7,5,1,11165
NeuLANDPla0H-27,13,H,0,27,1,2,1172,3278,1119,3288,1,56,1216,3267,1215,3277,54.8694,-0.467821,8.2223,0.984525,0.0628624,588.009,2,8,0,6,1,4,4,6,5,1,11165
NeuLANDPla0H-28,13,H,0,28,1,8,1192,3290,1119,3288,1,67,1214,3271,1215,3277,55.0867,0.264817,8.19508,0.971886,0.0625217,556.774,2,8,15,6,1,4,4,5,5,1,11165
NeuLANDPla0H-29,13,H,0,29,1,2,1186,3285,1119,3288,1,62,1205,3261,1215,3277,55.7097,-0.0532687,8.12631,0.996159,0.063274,528.177,2,8,14,6,1,4,4,4,5,1,11165
NeuLANDPla0H-30,13,H,0,30,1,23,1092,3283,1119,3288,1,82,1205,3277,1215,3277,54.8244,0.434585,8.00968,0.980444,0.0628877,430.736,2,8,13,6,1,4,4,3,5,1,11165
NeuLANDPla0H-31,13,H,0,31,1,5,1180,3278,1119,3288,1,48,1239,3272,1215,3277,54.858,0.390121,7.98488,0.988772,0.0626031,447.712,2,8,12,6,1,4,4,2,5,1,11165
NeuLANDPla0H-32,13,H,0,32,1,0,1146,3284,1119,3288,1,62,1179,3277,1215,3277,55.8354,-0.392343,8.14766,0.99429,0.0635438,512.834,2,8,11,6,1,4,4,1,5,1,11165
NeuLANDPla0H-33,13,H,0,33,1,56,1141,3279,1119,3288,1,62,1221,3268,1215,3277,53.7981,0.030085,8.16177,0.979505,0.0625681,563.897,2,8,10,6,1,4,4,0,5,1,11165
NeuLANDPla0H-34,13,H,0,34,1,12,1193,3284,1119,3288,1,62,1309,3277,1215,3277,54.4688,-0.335004,8.12927,0.983215,0.061807,476.847,2,8,9,6,1,4,4,15,5,1,11165
NeuLANDPla0H-35,13,H,0,35,1,26,1241,3283,1119,3288,1,50,1235,3269,1215,3277,55.2057,0.582349,7.96411,0.981307,0.0627823,421.749,2,8,8,6,1,4,4,14,5,1,11165
NeuLANDPla0H-36,13,H,0,36,1,8,1190,3281,1203,3290,1,64,1255,3271,1215,3277,55.0022,0.335817,8.05444,0.983441,0.0629069,441.257,2,9,7,6,1,4,4,13,5,1,11165
NeuLANDPla0H-37,13,H,0,37,1,14,1221,3282,1203,3290,1,70,1224,3264,1215,3277,53.3616,0.446398,8.15661,0.940934,0.0602318,509.63,2,9,6,6,1,4,4,12,5,1,11165
NeuLANDPla0H-38,13,H,0,38,1,6,1173,3278,1203,3290,1,41,1229,3273,1215,3277,56.0083,0.123279,8.00392,1.02856,0.0598792,406.47,2,9,5,6,1,4,4,11,5,1,11165
NeuLANDPla0H-39,13,H,0,39,1,5,1184,3273,1203,3290,1,88,1257,3269,1215,3277,54.3612,0.134459,8.05895,0.966624,0.0627548,483.556,2,9,4,6,1,4,4,10,5,1,11165
NeuLANDPla0H-40,13,H,0,40,1,26,1199,3284,1203,3290,1,60,1276,3271,1215,3277,54.6858,-0.265541,8.11151,0.978384,0.0624543,467.007,2,9,3,6,1,4,4,9,5,1,11165
NeuLANDPla0H-41,13,H,0,41,1,15,1191,3274,1203,3290,1,117,1250,3267,1215,3277,54.2187,1.13446,7.94681,1.00676,0.0639883,485.483,2,9,2,6,1,4,4,8,5,1,11165
NeuLANDPla0H-42,13,H,0,42,1,31,1142,3279,1203,3290,1,17,1257,3279,1202,3284,55.01,0.134459,8.06478,0.998675,0.0626049,478.032,2,9,1,6,1,4,5,7,5,1,11165
NeuLANDPla0H-43,13,H,0,43,1,2,1229,3292,1203,3290,1,27,1180,3280,1202,3284,53.8791,0.134459,8.07329,1.0153,0.0570588,477.851,2,9,0,6,1,4,5,6,5,1,11165
NeuLANDPla0H-44,13,H,0,44,1,24,1140,3288,1203,3290,1,62,1121,3270,1202,3284,55.9555,0.134459,8.10266,1.01604,0.0600995,517.83,2,9,15,6,1,4,5,5,5,1,11165
NeuLANDPla0H-45,13,H,0,45,1,47,1192,3279,1203,3290,1,60,1172,3278,1202,3284,55.6325,0.134459,8.0102,0.995644,0.0619837,413.464,2,9,14,6,1,4,5,4,5,1,11165
NeuLANDPla0H-46,13,H,0,46,1,4,1140,3286,1203,3290,1,47,1230,3281,1202,3284,54.6583,0.334459,7.97786,1.04689,0.0596334,433.865,2,9,13,6,1,4,5,3,5,1,11165
NeuLANDPla0H-47,13,H,0,47,1,26,1196,3285,1203,3290,1,42,1188,3280,1202,3284,54.0629,0.73446,7.96437,0.999905,0.0628336,531.957,2,9,12,6,1,4,5,2,5,1,11165
NeuLANDPla0H-48,13,H,0,48,1,46,1140,3283,1203,3290,1,23,1209,3281,1202,3284,55.0517,0.134459,8.04149,0.993885,0.06212,452.612,2,9,11,6,1,4,5,1,5,1,11165
NeuLANDPla0H-49,13,H,0,49,1,12,1228,3290,1203,3290,1,25,1174,3282,1202,3284,54.5882,-0.065541,7.99634,0.98787,0.0631278,327.434,2,9,10,6,1,4,5,0,5,1,11165
NeuLANDPla1V-0,13,V,1,0,1,24,1276,3271,1158,3279,1,49,1191,3278,1203,3290,10.0589,32.4375,7.86037,1.00434,0.0659855,383.511,1,8,7,6,0,2,9,9,6,1,11215
NeuLANDPla1V-1,13,V,1,1,1,20,1281,3282,1158,3279,1,7,1210,3278,1203,3290,10.1432,32.626,7.99817,0.932982,0.061904,462.541,1,8,6,6,0,2,9,8,6,1,11215
NeuLANDPla1V-2,13,V,1,2,1,18,1193,3275,1158,3279,1,0,1210,3273,1211,3275,9.91784,32.3894,7.91651,0.995719,0.0673886,496.128,1,8,5,6,0,2,10,7,6,1,11215
NeuLANDPla1V-3,13,V,1,3,1,16,1281,3288,1158,3279,1,4,1247,3281,1211,3275,9.85483,32.8395,7.96152,0.997363,0.0679584,436.1,1,8,4,6,0,2,10,6,6,1,11215
NeuLANDPla1V-4,13,V,1,4,1,10,1286,3280,1158,3279,1,2,1219,3265,1211,3275,10.511,32.2959,7.98592,0.997527,0.0669822,438.818,1,8,3,6,0,2,10,5,6,1,11215
NeuLANDPla1V-5,13,V,1,5,1,60,1285,3284,1158,3279,1,66,1241,3277,1211,3275,10.9116,31.8716,8.07595,1.0121,0.0681181,525.601,1,8,2,6,0,2,10,4,6,1,11215
NeuLANDPla1V-6,13,V,1,6,1,22,1201,3276,1158,3279,1,2,1202,3263,1211,3275,8.68857,31.5474,7.93394,0.991464,0.0670786,591.712,1,8,1,6,0,2,10,3,6,1,11215
NeuLANDPla1V-7,13,V,1,7,1,12,1290,3286,1158,3279,1,21,1240,3274,1211,3275,9.79943,32.0432,7.91753,0.991611,0.0673871,460.163,1,8,0,6,0,2,10,2,6,1,11215
NeuLANDPla1V-8,13,V,1,8,1,40,1265,3282,1158,3279,1,16,1292,3273,1211,3275,9.9284,32.5938,8.06372,1.02295,0.0653143,517.178,1,8,15,6,0,2,10,1,6,1,11215
NeuLANDPla1V-9,13,V,1,9,1,20,1219,3282,1158,3279,1,60,1226,3283,1211,3275,10.4172,32.1123,7.98514,0.99505,0.0655448,499.386,1,8,14,6,0,2,10,0,6,1,11215
NeuLANDPla1V-10,13,V,1,10,1,26,1235,3285,1158,3279,1,31,1238,3275,1211,3275,9.36536,32.1366,8.05789,0.996673,0.0650425,515.496,1,8,13,6,0,2,10,15,6,1,11215
NeuLANDPla1V-11,13,V,1,11,1,62,1220,3284,1158,3279,1,3,1165,3280,1211,3275,9.28354,32.6672,7.9579,1.00581,0.0649564,515.099,1,8,12,6,0,2,10,14,6,1,11215
NeuLANDPla1V-12,13,V,1,12,1,27,1253,3282,1158,3279,1,2,1253,3280,1211,3275,9.2851,32.2526,8.02227,0.994339,0.0657382,507.057,1,8,11,6,0,2,10,13,6,1,11215
NeuLANDPla1V-13,13,V,1,13,1,69,1244,3285,1158,3279,1,78,1177,3283,1211,3275,9.54055,31.8318,8.06611,0.98885,0.0659928,579.422,1,8,10,6,0,2,10,12,6,1,11215
NeuLANDPla1V-14,13,V,1,14,1,15,1302,3278,1158,3279,1,69,1176,3269,1211,3275,10.2696,32.9903,8.00078,1.00598,0.0658679,509.505,1,8,9,6,0,2,10,11,6,1,11215
NeuLANDPla1V-15,13,V,1,15,1,48,1198,3279,1158,3279,1,2,1234,3281,1211,3275,10.1551,32.4136,7.90374,1.0027,0.0680059,476.793,1,8,8,6,0,2,10,10,6,1,11215
NeuLANDPla1V-16,13,V,1,16,1,5,1182,3279,1141,3281,1,6,1190,3268,1211,3275,7.01795,30.6783,7.96515,1.00643,0.0662517,572.37,1,9,7,6,0,2,10,9,6,1,11215
NeuLANDPla1V-17,13,V,1,17,1,33,1309,3271,1141,3281,1,62,1205,3279,1211,3275,6.0474,30.9625,8.0473,0.99479,0.0648906,507.562,1,9,6,6,0,2,10,8,6,1,11215
NeuLANDPla1V-18,13,V,1,18,1,11,1172,3281,1141,3281,1,6,1144,3279,1159,3283,5.28044,30.2844,8.03727,1.00888,0.0669211,508.339,1,9,5,6,0,3,1,7,5,0,11215
NeuLANDPla1V-19,13,V,1,19,1,42,1232,3273,1141,3281,1,6,1126,3277,1159,3283,5.95261,29.9775,7.96593,0.993369,0.0656832,470.088,1,9,4,6,0,3,1,6,5,0,11215
NeuLANDPla1V-20,13,V,1,20,1,45,1172,3281,1141,3281,1,10,1239,3283,1159,3283,6.59077,29.9113,8.14089,1.00522,0.0661138,587.219,1,9,3,6,0,3,1,5,5,0,11215
NeuLANDPla1V-21,13,V,1,21,1,17,1215,3280,1141,3281,1,31,1213,3281,1159,3283,6.47077,29.6966,7.97137,0.993122,0.0671203,489.946,1,9,2,6,0,3,1,4,5,0,11215
NeuLANDPla1V-22,13,V,1,22,1,14,1170,3279,1141,3281,1,5,1233,3283,1159,3283,4.79065,30.6201,8.037,1.00229,0.0665142,586.359,1,9,1,6,0,3,1,3,5,0,11215
NeuLANDPla1V-23,13,V,1,23,1,43,1220,3280,1141,3281,1,12,1325,3312,1159,3283,5.26262,29.9739,8.07595,0.9998,0.0659382,601.452,1,9,0,6,0,3,1,2,5,0,11215
NeuLANDPla1V-24,13,V,1,24,1,33,1239,3285,1141,3281,1,11,1196,3280,1159,3283,6.88239,30.0677,8.09275,0.986958,0.067428,655.529,1,9,15,6,0,3,1,1,5,0,11215
NeuLANDPla1V-25,13,V,1,25,1,15,1276,3287,1141,3281,1,4,1199,3290,1159,3283,5.93914,30.1576,8.10292,0.987905,0.0671105,552.058,1,9,14,6,0,3,1,0,5,0,11215
NeuLANDPla1V-26,13,V,1,26,1,4,1168,3267,1141,3281,1,10,1202,3280,1159,3283,5.48065,30.2702,7.92778,1.0073,0.0658037,593.825,1,9,13,6,0,3,1,15,5,0,11215
NeuLANDPla1V-27,13,V,1,27,1,3,1187,3273,1141,3281,1,5,1165,3280,1159,3283,6.9977,30.0958,8.06584,1.01234,0.0677352,590.317,1,9,12,6,0,3,1,14,5,0,11215
NeuLANDPla1V-28,13,V,1,28,1,47,1310,3271,1219,3277,1,14,1181,3276,1159,3283,-54.218,-0.114523,8.05074,1.02475,0.0679809,501.387,4,1,7,5,1,3,1,13,5,0,11215
NeuLANDPla1V-29,13,V,1,29,1,55,1332,3268,1219,3277,1,35,1118,3282,1159,3283,-55.5487,0.313319,7.94629,1.00545,0.0680572,558.761,4,1,6,5,1,3,1,12,5,0,11215
NeuLANDPla1V-30,13,V,1,30,1,36,1325,3282,1219,3277,1,12,1268,3274,1202,3284,-1.44608,-27.3816,8.037,1.00729,0.0684145,472.228,4,1,5,5,1,4,5,15,5,1,11215
NeuLANDPla1V-31,13,V,1,31,1,34,1267,3264,1219,3277,1,14,1220,3275,1202,3284,-0.819112,-28.0213,7.97344,1.00763,0.0672298,506.269,4,1,4,5,1,4,5,14,5,1,11215
NeuLANDPla1V-32,13,V,1,32,1,87,1265,3273,1219,3277,1,64,1275,3275,1202,3284,-1.91783,-26.9328,7.88974,1.01043,0.068573,505.511,4,1,3,5,1,4,5,13,5,1,11215
NeuLANDPla1V-33,13,V,1,33,1,73,1255,3266,1219,3277,1,25,1230,3275,1202,3284,-3.20763,-27.9366,8.09864,1.00134,0.0670106,528.903,4,1,2,5,1,4,5,12,5,1,11215
NeuLANDPla1V-34,13,V,1,34,1,34,1256,3271,1219,3277,1,31,1259,3278,1202,3284,-2.75745,-27.3992,7.86012,1.01221,0.0681574,494.654,4,1,1,5,1,4,5,11,5,1,11215
NeuLANDPla1V-35,13,V,1,35,1,41,1246,3266,1219,3277,1,24,1225,3277,1202,3284,-1.3827,-27.9611,8.08714,0.997237,0.0684358,523.352,4,1,0,5,1,4,5,10,5,1,11215
NeuLANDPla1V-36,13,V,1,36,1,41,1302,3276,1219,3277,1,20,1263,3276,1202,3284,-1.92133,-27.026,7.87528,1.0162,0.0670211,561.403,4,1,15,5,1,4,5,9,5,1,11215
NeuLANDPla1V-37,13,V,1,37,1,82,1352,3265,1219,3277,1,42,1227,3279,1202,3284,-1.82516,-27.4109,7.92009,0.993517,0.0662192,506.444,4,1,14,5,1,4,5,8,5,1,11215
NeuLANDPla1V-38,13,V,1,38,1,58,1295,3274,1219,3277,1,35,1165,3276,1196,3283,-1.16099,-27.0196,8.05312,1.0053,0.0682196,507.747,4,1,13,5,1,4,6,7,5,1,11215
NeuLANDPla1V-39,13,V,1,39,1,28,1300,3257,1219,3277,1,35,1303,3270,1196,3283,-2.99059,-27.127,7.97474,1.02641,0.0664214,505.47,4,1,12,5,1,4,6,6,5,1,11215
NeuLANDPla1V-40,13,V,1,40,1,59,1304,3273,1219,3277,1,29,1176,3278,1196,3283,-0.294061,-26.9975,8.01125,1.02804,0.0682433,470.734,4,1,11,5,1,4,6,5,5,1,11215
NeuLANDPla1V-41,13,V,1,41,1,56,1352,3266,1219,3277,1,25,1273,3270,1196,3283,-0.593418,-27.0116,8.0473,1.01298,0.0675517,473.066,4,1,10,5,1,4,6,4,5,1,11215
NeuLANDPla1V-42,13,V,1,42,1,55,1331,3269,1219,3277,1,29,1215,3284,1196,3283,-0.174796,-27.5858,8.09382,1.01043,0.0674642,529.207,4,1,9,5,1,4,6,3,5,1,11215
NeuLANDPla1V-43,13,V,1,43,1,72,1302,3271,1219,3277,1,63,1251,3266,1196,3283,-1.88219,-26.8813,7.91727,1.02979,0.0660374,460.743,4,1,8,5,1,4,6,2,5,1,11215
NeuLANDPla1V-44,13,V,1,44,1,25,1199,3267,1154,3276,1,52,1229,3288,1196,3283,-2.25537,-27.1469,7.85911,1.00841,0.0680203,412.023,4,2,7,5,1,4,6,1,5,1,11215
NeuLANDPla1V-45,13,V,1,45,1,23,1186,3272,1154,3276,1,26,1224,3276,1196,3283,-1.2513,-26.9186,7.96152,0.992447,0.067659,529.826,4,2,6,5,1,4,6,0,5,1,11215
NeuLANDPla1V-46,13,V,1,46,1,38,1148,3262,1154,3276,1,30,1251,3271,1196,3283,-0.30598,-26.7605,7.79907,1.00612,0.0677251,424.026,4,2,5,5,1,4,6,15,5,1,11215
NeuLANDPla1V-47,13,V,1,47,1,34,1115,3265,1154,3276,1,26,1291,3279,1196,3283,-1.5719,-27.186,8.01859,0.977549,0.0673677,440.406,4,2,4,5,1,4,6,14,5,1,11215
NeuLANDPla1V-48,13,V,1,48,1,25,1168,3270,1154,3276,1,61,1254,3276,1196,3283,-2.1874,-26.441,7.99739,1.00181,0.066513,529.98,4,2,3,5,1,4,6,13,5,1,11215
NeuLANDPla1V-49,13,V,1,49,1,16,1176,3281,1154,3276,1,62,1270,3273,1196,3283,-3.15081,-26.4691,7.69932,0.999047,0.066515,360.43,4,2,2,5,1,4,6,12,5,1,11215
NeuLANDPla2H-0,13,H,2,0,1,22,1173,3271,1173,3289,1,48,1200,3277,1121,3273,39.1041,8.31899,8.05868,0.98175,0.0586281,357.087,2,2,11,6,1,5,2,1,7,1,11265
NeuLANDPla2H-1,13,H,2,1,1,7,1233,3284,1173,3289,1,39,1186,3272,1121,3273,39.1471,8.31899,8.10936,1.00131,0.0586188,574.063,2,2,10,6,1,5,2,0,7,1,11265
NeuLANDPla2H-2,13,H,2,2,1,5,1184,3271,1173,3289,1,30,1222,3269,1121,3273,38.3531,8.91894,8.16612,1.00289,0.0603469,468.592,2,2,9,6,1,5,2,15,7,1,11265
NeuLANDPla2H-3,13,H,2,3,1,57,1271,3284,1173,3289,1,41,1288,3277,1121,3273,38.4316,8.91904,8.03489,0.982349,0.0606636,461.361,2,2,8,6,1,5,2,14,7,1,11265
NeuLANDPla2H-4,13,H,2,4,1,25,1273,3275,1212,3288,1,35,1256,3269,1121,3273,39.2441,8.91904,8.02831,0.996352,0.0609129,433.92,2,3,7,6,1,5,2,13,7,1,11265
NeuLANDPla2H-5,13,H,2,5,1,50,1300,3268,1212,3288,1,34,1259,3264,1121,3273,38.4661,9.31904,8.09115,0.992437,0.0613009,571.171,2,3,6,6,1,5,2,12,7,1,11265
NeuLANDPla2H-6,13,H,2,6,1,48,1287,3276,1212,3288,1,30,1255,3269,1121,3273,37.1948,8.51899,8.03648,1.00056,0.061848,560.369,2,3,5,6,1,5,2,11,7,1,11265
NeuLANDPla2H-7,13,H,2,7,1,62,1300,3275,1212,3288,1,48,1226,3266,1121,3273,38.1646,8.11899,8.07808,0.976587,0.0618542,475.88,2,3,4,6,1,5,2,10,7,1,11265
NeuLANDPla2H-8,13,H,2,8,1,2,1288,3276,1212,3288,1,30,1231,3261,1121,3273,38.1599,8.71899,8.09462,1.00424,0.0614851,488.641,2,3,3,6,1,5,2,9,7,1,11265
NeuLANDPla2H-9,13,H,2,9,1,2,1294,3270,1212,3288,1,60,1286,3281,1121,3273,39.0869,9.11904,8.08101,1.00128,0.0621766,565.43,2,3,2,6,1,5,2,8,7,1,11265
NeuLANDPla2H-10,13,H,2,10,1,57,1257,3279,1212,3288,1,52,1189,3271,1157,3277,39.2227,7.51899,8.15878,0.999285,0.0595578,581.773,2,3,1,6,1,5,3,7,7,1,11265
NeuLANDPla2H-11,13,H,2,11,1,49,1299,3269,1212,3288,1,26,1208,3273,1157,3277,38.5502,7.90036,8.13467,0.990868,0.062059,469.828,2,3,0,6,1,5,3,6,7,1,11265
NeuLANDPla2H-12,13,H,2,12,1,4,1227,3282,1212,3288,1,29,1182,3273,1157,3277,38.3002,8.21534,8.16123,0.981672,0.0621392,626.498,2,3,15,6,1,5,3,5,7,1,11265
NeuLANDPla2H-13,13,H,2,13,1,37,1257,3274,1212,3288,1,34,1198,3273,1157,3277,37.9107,8.14557,8.20826,0.983366,0.0609982,610.549,2,3,14,6,1,5,3,4,7,1,11265
NeuLANDPla2H-14,13,H,2,14,1,6,1227,3280,1212,3288,1,25,1249,3279,1157,3277,38.9533,8.03664,8.16014,1.00165,0.0624755,472.635,2,3,13,6,1,5,3,3,7,1,11265
NeuLANDPla2H-15,13,H,2,15,1,3,1267,3270,1212,3288,1,53,1283,3278,1157,3277,38.6767,8.25379,8.13386,1.02089,0.0624424,607.36,2,3,12,6,1,5,3,2,7,1,11265
NeuLANDPla2H-16,13,H,2,16,1,7,1255,3279,1212,3288,1,40,1242,3280,1157,3277,39.0707,8.06946,8.18604,0.982004,0.0621629,576.441,2,3,11,6,1,5,3,1,7,1,11265
NeuLANDPla2H-17,13,H,2,17,1,12,1268,3268,1212,3288,1,51,1238,3273,1157,3277,39.7852,7.90634,8.18112,0.993863,0.0628041,602.83,2,3,10,6,1,5,3,0,7,1,11265
NeuLANDPla2H-18,13,H,2,18,1,8,1250,3277,1212,3288,1,83,1279,3272,1157,3277,39.1048,8.50333,8.1482,0.993886,0.0620307,519.251,2,3,9,6,1,5,3,15,7,1,11265
NeuLANDPla2H-19,13,H,2,19,1,8,1303,3273,1212,3288,1,28,1322,3277,1157,3277,40.6308,7.81821,8.16123,1.02483,0.0605865,541.26,2,3,8,6,1,5,3,14,7,1,11265
NeuLANDPla2H-20,13,H,2,20,1,7,1275,3272,1177,3276,1,32,1295,3274,1157,3277,40.0201,7.86084,8.22949,1.00095,0.0614556,609.028,2,4,7,6,1,5,3,13,7,1,11265
NeuLANDPla2H-21,13,H,2,21,1,53,1148,3280,1177,3276,1,39,1326,3275,1157,3277,41.4986,7.9819,8.20523,1.00156,0.0619872,531.292,2,4,6,6,1,5,3,12,7,1,11265
NeuLANDPla2H-22,13,H,2,22,1,4,1223,3273,1177,3276,1,41,1289,3269,1157,3277,39.5085,7.75382,8.26669,0.987967,0.0607268,649.582,2,4,5,6,1,5,3,11,7,1,11265
NeuLANDPla2H-23,13,H,2,23,1,54,1201,3276,1177,3276,1,68,1293,3276,1157,3277,39.6764,7.49243,8.25138,1.0071,0.0604966,526.215,2,4,4,6,1,5,3,10,7,1,11265
NeuLANDPla2H-24,13,H,2,24,1,60,1205,3270,1177,3276,1,34,1195,3269,1157,3277,39.1337,7.61237,8.2486,0.999014,0.0612407,600.93,2,4,3,6,1,5,3,9,7,1,11265
NeuLANDPla2H-25,13,H,2,25,1,25,1159,3279,1177,3276,1,19,1296,3274,1157,3277,39.023,7.52958,8.26279,0.99481,0.0618735,662.36,2,4,2,6,1,5,3,8,7,1,11265
NeuLANDPla2H-26,13,H,2,26,1,4,1220,3270,1177,3276,1,34,1273,3271,1261,3277,16.1872,18.8152,8.23557,1.00002,0.0610311,658.717,2,4,1,6,1,5,4,7,7,1,11265
NeuLANDPla2H-27,13,H,2,27,1,29,1158,3273,1177,3276,1,44.421543,1253,3272,1261,3277,17.9719,18.7083,8.20853,1.12148,0.0538343,671.444,2,4,0,6,1,5,4,6,7,1,11265
NeuLANDPla2H-28,13,H,2,28,1,11,1239,3274,1177,3276,1,58,1287,3266,1261,3277,17.3531,19.2548,8.16639,0.997266,0.0615038,450.554,2,4,15,6,1,5,4,5,7,1,11265
NeuLANDPla2H-29,13,H,2,29,1,54,1143,3278,1177,3276,1,31,1275,3276,1261,3277,16.993,19.4445,8.19015,0.996383,0.0610069,522.715,2,4,14,6,1,5,4,4,7,1,11265
NeuLANDPla2H-30,13,H,2,30,1,11,1270,3273,1177,3276,1,8,1260,3263,1261,3277,-0.0308776,27.6711,8.17375,1.1986,0.0501613,545.497,2,4,13,6,1,2,7,10,6,1,11265
NeuLANDPla2H-31,13,H,2,31,1,2,1162,3281,1177,3276,1,27,1194,3258,1261,3277,19.601,18.9652,8.19425,1.00763,0.0617549,616.467,2,4,12,6,1,5,4,2,7,1,11265
NeuLANDPla2H-32,13,H,2,32,1,2,1202,3279,1177,3276,1,70,1260,3275,1261,3277,17.1137,18.5242,8.23612,0.991483,0.0593743,585.041,2,4,11,6,1,5,4,1,7,1,11265
NeuLANDPla2H-33,13,H,2,33,1,52,1147,3279,1177,3276,1,67,1297,3265,1261,3277,17.0936,19.1315,8.1193,0.991794,0.062268,547.392,2,4,10,6,1,5,4,0,7,1,11265
NeuLANDPla2H-34,13,H,2,34,1,5,1156,3266,1177,3276,1,33,1352,3272,1261,3277,16.1484,19.3951,8.18303,0.989709,0.0617958,612.571,2,4,9,6,1,5,4,15,7,1,11265
NeuLANDPla2H-35,13,H,2,35,1,41,1145,3276,1177,3276,1,33,1259,3259,1261,3277,17.6567,18.9391,8.12307,0.993843,0.0613867,489.118,2,4,8,6,1,5,4,14,7,1,11265
NeuLANDPla2H-36,13,H,2,36,1,4,1129,3282,1108,3284,1,32,1325,3277,1261,3277,16.5061,19.7105,8.11419,0.977308,0.0603608,575.256,2,5,7,6,1,5,4,13,7,1,11265
NeuLANDPla2H-37,13,H,2,37,1,5,1271,3273,1108,3284,1,24,1252,3274,1261,3277,18.3425,19.2262,8.122,1.00736,0.0615889,472.034,2,5,6,6,1,5,4,12,7,1,11265
NeuLANDPla2H-38,13,H,2,38,1,8,1121,3285,1108,3284,1,39,1309,3270,1261,3277,17.2052,18.5004,8.19151,1.01989,0.0596463,610.051,2,5,5,6,1,5,4,11,7,1,11265
NeuLANDPla2H-39,13,H,2,39,1,46,1274,3279,1108,3284,1,78,1246,3258,1261,3277,17.7619,19.3189,8.04281,0.993554,0.0619834,511.181,2,5,4,6,1,5,4,10,7,1,11265
NeuLANDPla2H-40,13,H,2,40,1,44,1232,3284,1108,3284,1,65,1343,3271,1261,3277,17.5704,18.7189,8.14089,1.0236,0.0600621,495.99,2,5,3,6,1,5,4,9,7,1,11265
NeuLANDPla2H-41,13,H,2,41,1,23,1260,3267,1108,3284,1,26,1238,3268,1261,3277,15.8014,19.1189,8.07621,1.00597,0.0616527,441.014,2,5,2,6,1,5,4,8,7,1,11265
NeuLANDPla2H-42,13,H,2,42,1,9,1198,3273,1108,3284,1,58,1227,3282,1161,3279,15.7412,18.5189,8.15715,1.00598,0.0616805,438.673,2,5,1,6,1,5,5,7,7,1,11265
NeuLANDPla2H-43,13,H,2,43,1,15,1271,3270,1108,3284,1,46,1196,3277,1161,3279,15.8459,18.7189,8.08688,1.00035,0.0621988,472.833,2,5,0,6,1,5,5,6,7,1,11265
NeuLANDPla2H-44,13,H,2,44,1,0,1221,3290,1108,3284,1,46,1230,3275,1161,3279,17.1506,19.3189,8.12253,1.03542,0.0605187,568.143,2,5,15,6,1,5,5,5,7,1,11265
NeuLANDPla2H-45,13,H,2,45,1,5,1242,3281,1108,3284,1,91,1182,3275,1161,3279,15.5287,19.3189,8.05577,0.985643,0.0607227,437.547,2,5,14,6,1,5,5,4,7,1,11265
NeuLANDPla2H-46,13,H,2,46,1,4,1219,3285,1108,3284,1,51,1132,3277,1161,3279,17.5982,18.9189,8.05259,1.04276,0.0629166,531.273,2,5,13,6,1,5,5,3,7,1,11265
NeuLANDPla2H-47,13,H,2,47,1,57,1234,3273,1108,3284,1,57,1144,3267,1161,3279,17.1593,18.7189,8.10829,1.01338,0.0617012,355.537,2,5,12,6,1,5,5,2,7,1,11265
NeuLANDPla2H-48,13,H,2,48,1,53,1219,3285,1108,3284,1,50,1130,3275,1161,3279,18.47,18.7189,7.99061,1.00377,0.0604622,362.507,2,5,11,6,1,5,5,1,7,1,11265
NeuLANDPla2H-49,13,H,2,49,1,2,1261,3277,1108,3284,1,47,1129,3268,1161,3279,17.4141,18.9189,7.95997,1.02558,0.0605547,379.3,2,5,10,6,1,5,5,0,7,1,11265
NeuLANDPla3V-0,13,V,3,0,1,5,1210,3283,1141,3287,1,2,1202,3277,1108,3284,2.47515,25.9001,8.17621,1.0125,0.0686635,367.66,2,1,7,6,1,2,5,9,6,1,11315
NeuLANDPla3V-1,13,V,3,1,1,46,1183,3276,1141,3287,1,3,1262,3274,1108,3284,-0.155939,27.9536,8.13467,1.01048,0.0664347,416.808,2,1,6,6,1,2,5,8,6,1,11315
NeuLANDPla3V-2,13,V,3,2,1,4,1229,3285,1141,3287,1,2,1176,3281,1203,3287,-0.24551,28.1346,8.02227,0.989703,0.0673537,484.716,2,1,5,6,1,2,6,7,6,1,11315
NeuLANDPla3V-3,13,V,3,3,1,37,1165,3273,1141,3287,1,18,1263,3276,1203,3287,1.38718,28.5312,7.91753,1.00546,0.0660714,456.232,2,1,4,6,1,2,6,6,6,1,11315
NeuLANDPla3V-4,13,V,3,4,1,3,1195,3286,1141,3287,1,5,1225,3287,1203,3287,1.28379,28.0468,8.0563,1.00403,0.0661036,526.434,2,1,3,6,1,2,6,5,6,1,11315
NeuLANDPla3V-5,13,V,3,5,1,4,1180,3271,1141,3287,1,2,1255,3276,1203,3287,0.185918,27.3314,8.05391,0.993439,0.0664065,472.99,2,1,2,6,1,2,6,4,6,1,11315
NeuLANDPla3V-6,13,V,3,6,1,8,1218,3283,1141,3287,1,16,1213,3280,1203,3287,0.802439,28.4421,8.04888,1.01767,0.0661084,560.109,2,1,1,6,1,2,6,3,6,1,11315
NeuLANDPla3V-7,13,V,3,7,1,10,1245,3285,1141,3287,1,5,1284,3279,1203,3287,1.52856,28.0724,8.05948,1.01619,0.0673051,525.284,2,1,0,6,1,2,6,2,6,1,11315
NeuLANDPla3V-8,13,V,3,8,1,2,1157,3291,1141,3287,1,2,1251,3284,1203,3287,1.5505,27.9536,8.0199,1.00473,0.0668668,469.92,2,1,15,6,1,2,6,1,6,1,11315
NeuLANDPla3V-9,13,V,3,9,1,8,1222,3283,1141,3287,1,9,1262,3282,1203,3287,0.975694,27.7709,8.10775,1.00548,0.0652934,517.789,2,1,14,6,1,2,6,0,6,1,11315
NeuLANDPla3V-10,13,V,3,10,1,3,1165,3287,1141,3287,1,32,1189,3278,1168,3285,1.37836,27.9597,8.03832,1.04549,0.0664246,434.69,2,1,13,6,1,2,6,15,6,1,11315
NeuLANDPla3V-11,13,V,3,11,1,45,1237,3282,1141,3287,1,10,1281,3269,1168,3285,2.30132,27.3114,8.1317,1.06053,0.0618361,566.5,2,1,12,6,1,2,6,14,6,1,11315
NeuLANDPla3V-12,13,V,3,12,1,10,1174,3289,1141,3287,1,6,1193,3278,1168,3285,0.706337,27.3536,8.10695,0.991374,0.0670029,470.556,2,1,11,6,1,2,6,13,6,1,11315
NeuLANDPla3V-13,13,V,3,13,1,59,1194,3272,1141,3287,1,55,1287,3276,1168,3285,1.75746,27.766,7.84477,1.00778,0.0673469,584.43,2,1,10,6,1,2,6,12,6,1,11315
NeuLANDPla3V-14,13,V,3,14,1,26,1179,3284,1141,3287,1,7,1156,3276,1168,3285,1.25445,27.9536,7.97111,1.01898,0.068126,523.255,2,1,9,6,1,2,6,11,6,1,11315
NeuLANDPla3V-15,13,V,3,15,1,11,1247,3287,1141,3287,1,7,1267,3277,1168,3285,1.58006,27.7298,8.20881,1.0142,0.0660445,553.692,2,1,8,6,1,2,6,10,6,1,11315
NeuLANDPla3V-16,13,V,3,16,1,12,1247,3279,1173,3289,1,24,1192,3274,1168,3285,-0.363531,28.0877,7.90986,0.957026,0.0672456,527.783,2,2,7,6,1,2,6,9,6,1,11315
NeuLANDPla3V-17,13,V,3,17,1,4,1253,3280,1173,3289,1,15,1278,3271,1168,3285,0.760418,27.5972,8.18823,1.02012,0.0645833,530.481,2,2,6,6,1,2,6,8,6,1,11315
NeuLANDPla3V-18,13,V,3,18,1,3,1144,3281,1173,3289,1,5,1222,3283,1168,3285,-1.59266,28.0457,8.02779,1.01376,0.0661371,428.909,2,2,5,6,1,2,7,7,6,1,11315
NeuLANDPla3V-19,13,V,3,19,1,11,1260,3287,1173,3289,1,9,1239,3276,1168,3285,-0.938255,28.3868,8.09891,1.00406,0.0663892,572.673,2,2,4,6,1,2,7,6,6,1,11315
NeuLANDPla3V-20,13,V,3,20,1,3,1239,3282,1173,3289,1,18,1232,3277,1168,3285,0.439918,28.0476,8.02963,1.00007,0.0674132,517.635,2,2,3,6,1,2,7,5,6,1,11315
NeuLANDPla3V-21,13,V,3,21,1,25,1259,3279,1173,3289,1,51,1250,3278,1168,3285,0.800908,28.1162,7.98332,0.99043,0.0669595,474.492,2,2,2,6,1,2,7,4,6,1,11315
NeuLANDPla3V-22,13,V,3,22,1,3,1202,3283,1173,3289,1,8,1206,3283,1168,3285,0.086398,28.0599,7.98904,0.983258,0.0651589,638.501,2,2,1,6,1,2,7,3,6,1,11315
NeuLANDPla3V-23,13,V,3,23,1,3,1261,3292,1173,3289,1,9,1201,3275,1168,3285,-0.22952,27.4701,8.24721,0.996134,0.0669123,538.028,2,2,0,6,1,2,7,2,6,1,11315
NeuLANDPla3V-24,13,V,3,24,1,52,1128,3265,1173,3289,1,25,1225,3280,1168,3285,-0.588296,27.732,8.23612,0.990915,0.0663419,531.266,2,2,15,6,1,2,7,1,6,1,11315
NeuLANDPla3V-25,13,V,3,25,1,11,1214,3288,1173,3289,1,1,1214,3279,1168,3285,0.521724,27.9536,8.1317,0.96831,0.0679377,546.015,2,2,14,6,1,2,7,0,6,1,11315
NeuLANDPla3V-26,13,V,3,26,1,3,1140,3272,1173,3289,1,48,1173,3283,1203,3287,-16.0151,36.3536,8.08154,0.992069,0.0656115,560.513,2,2,13,6,1,2,7,15,6,1,11315
NeuLANDPla3V-27,13,V,3,27,1,48,1192,3279,1173,3289,1,30,1221,3280,1203,3287,-16.5828,36.3011,8.19837,0.911383,0.0704223,484.749,2,2,12,6,1,2,7,14,6,1,11315
NeuLANDPla3V-28,13,V,3,28,1,63,1341,3265,1255,3268,1,5,1178,3281,1203,3287,-32.9281,27.8342,8.15281,0.986243,0.0651339,431.557,5,1,7,7,1,2,7,13,6,1,11315
NeuLANDPla3V-29,13,V,3,29,1,40,1261,3269,1255,3268,1,54,1226,3277,1203,3287,-33.5449,27.5924,7.95558,1.03725,0.0660635,517.461,5,1,6,7,1,2,7,12,6,1,11315
NeuLANDPla3V-30,13,V,3,30,1,44,1329,3267,1255,3268,1,91,1253,3271,1161,3279,0.320469,11.2086,8.27535,1.02851,0.0661623,536.645,5,1,5,7,1,5,5,15,7,1,11315
NeuLANDPla3V-31,13,V,3,31,1,63,1250,3270,1255,3268,1,47,1186,3275,1161,3279,0.082051,10.6513,8.10158,1.04201,0.0661774,563.201,5,1,4,7,1,5,5,14,7,1,11315
NeuLANDPla3V-32,13,V,3,32,1,87,1276,3265,1255,3268,1,50,1148,3273,1161,3279,0.537612,10.4531,8.03648,1.02938,0.0663591,567.539,5,1,3,7,1,5,5,13,7,1,11315
NeuLANDPla3V-33,13,V,3,33,1,79,1269,3267,1255,3268,1,62,1232,3285,1161,3279,0.675816,10.9746,8.05127,1.03523,0.0652245,589.554,5,1,2,7,1,5,5,12,7,1,11315
NeuLANDPla3V-34,13,V,3,34,1,40,1265,3263,1255,3268,1,90,1159,3274,1161,3279,1.5224,10.9772,8.11393,1.01833,0.0659072,469.277,5,1,1,7,1,5,5,11,7,1,11315
NeuLANDPla3V-35,13,V,3,35,1,59,1246,3272,1255,3268,1,87,1232,3279,1161,3279,1.05982,10.9468,8.14982,1.03831,0.0638518,590.261,5,1,0,7,1,5,5,10,7,1,11315
NeuLANDPla3V-36,13,V,3,36,1,72,1311,3265,1255,3268,1,82,1225,3270,1161,3279,1.01599,11.2479,8.01518,1.03297,0.0662298,585.515,5,1,15,7,1,5,5,9,7,1,11315
NeuLANDPla3V-37,13,V,3,37,1,88,1356,3258,1255,3268,1,95,1168,3277,1161,3279,-0.460837,10.6991,7.89355,1.02065,0.0663454,471.036,5,1,14,7,1,5,5,8,7,1,11315
NeuLANDPla3V-38,13,V,3,38,1,37,1302,3265,1255,3268,1,80,1214,3282,1202,3280,-0.754949,11.5103,8.10856,0.995271,0.0670206,496.629,5,1,13,7,1,5,6,7,7,1,11315
NeuLANDPla3V-39,13,V,3,39,1,40,1362,3260,1255,3268,1,85,1267,3280,1202,3280,1.95544,10.7413,7.99791,1.01565,0.066564,427.46,5,1,12,7,1,5,6,6,7,1,11315
NeuLANDPla3V-40,13,V,3,40,1,88,1310,3260,1255,3268,1,50,1211,3275,1202,3280,0.501214,10.7536,8.02779,0.992722,0.0683558,496.322,5,1,11,7,1,5,6,5,7,1,11315
NeuLANDPla3V-41,13,V,3,41,1,52,1359,3263,1255,3268,1,56,1260,3280,1202,3280,0.447459,10.9536,7.83975,0.990239,0.0686491,418.705,5,1,10,7,1,5,6,4,7,1,11315
NeuLANDPla3V-42,13,V,3,42,1,42,1329,3263,1255,3268,1,66,1189,3281,1202,3280,-1.12374,10.5932,8.0399,0.899163,0.062636,444.732,5,1,9,7,1,5,6,3,7,1,11315
NeuLANDPla3V-43,13,V,3,43,1,33,1274,3269,1255,3268,1,38,1244,3287,1202,3280,-0.376122,11.9482,8.12873,1.00677,0.0676552,537.205,5,1,8,7,1,5,6,2,7,1,11315
NeuLANDPla3V-44,13,V,3,44,1,32,1232,3267,1121,3273,1,50,1223,3277,1202,3280,-21.8762,0.315037,8.07834,0.990749,0.0691089,330.758,5,2,7,7,1,5,6,1,7,1,11315
NeuLANDPla3V-45,13,V,3,45,1,31,1202,3273,1121,3273,1,57,1219,3277,1202,3280,-19.7669,0.95361,7.99478,0.979983,0.067562,457.62,5,2,6,7,1,5,6,0,7,1,11315
NeuLANDPla3V-46,13,V,3,46,1,51,1205,3265,1121,3273,1,102,1238,3278,1202,3280,-22.7122,0.571202,8.38897,0.99818,0.0683513,468.145,5,2,5,7,1,5,6,15,7,1,11315
NeuLANDPla3V-47,13,V,3,47,1,33,1243,3279,1121,3273,1,57,1278,3273,1202,3280,-20.5636,0.118746,8.01623,0.980959,0.0670171,354.528,5,2,4,7,1,5,6,14,7,1,11315
NeuLANDPla3V-48,13,V,3,48,1,33,1206,3273,1121,3273,1,104,1215,3274,1202,3280,-21.9801,0.953608,8.02043,0.968555,0.0674897,347.629,5,2,3,7,1,5,6,13,7,1,11315
NeuLANDPla3V-49,13,V,3,49,1,35,1162,3274,1121,3273,1,49,1270,3280,1202,3280,-21.0933,-0.0463913,7.99087,0.988721,0.0658227,332.129,5,2,2,7,1,5,6,12,7,1,11315
NeuLANDPla4H-0,13,H,4,0,1,42,1204,3278,1202,3291,1,45,1248,3268,1243,3269,48.7173,65.4739,7.54055,1.00111,0.0658227,272.705,1,2,11,6,0,6,3,4,7,0,11365
NeuLANDPla4H-1,13,H,4,1,1,52,1245,3277,1202,3291,1,39,1233,3273,1243,3269,26.3565,23.8739,7.97137,1.00108,0.0609103,358.8,1,2,10,6,0,5,8,0,7,1,11365
NeuLANDPla4H-2,13,H,4,2,1,3,1272,3277,1202,3291,1,26,1223,3268,1243,3269,25.8173,24.0739,7.9828,1.00418,0.061316,371.43,1,2,9,6,0,5,8,15,7,1,11365
NeuLANDPla4H-3,13,H,4,3,1,10,1233,3280,1202,3291,1,70,1169,3272,1243,3269,26.4725,23.8739,7.92649,0.992441,0.0620975,363.715,1,2,8,6,0,5,8,14,7,1,11365
NeuLANDPla4H-4,13,H,4,4,1,60,1239,3288,1146,3274,1,33,1234,3267,1243,3269,25.7027,24.0739,7.99035,1.01758,0.0612114,367.328,1,3,7,6,0,5,8,13,7,1,11365
NeuLANDPla4H-5,13,H,4,5,1,59,1313,3284,1146,3274,1,36,1208,3276,1243,3269,27.9817,23.8739,8.05868,1.00416,0.0615984,447.014,1,3,6,6,0,5,8,12,7,1,11365
NeuLANDPla4H-6,13,H,4,6,1,5,1238,3284,1203,3287,1,56,1268,3274,1243,3269,16.3385,18.8739,8.12038,0.989803,0.0586541,403.261,2,7,9,6,1,5,8,11,7,1,11365
NeuLANDPla4H-7,13,H,4,7,1,3,1253,3276,1146,3274,1,37,1206,3269,1243,3269,26.3618,23.8739,7.93934,1.014,0.0620091,441.475,1,3,4,6,0,5,8,10,7,1,11365
NeuLANDPla4H-8,13,H,4,8,1,3,1234,3268,1146,3274,1,33,1284,3261,1243,3269,26.4129,24.4739,8.09516,0.985989,0.0598243,460.433,1,3,3,6,0,5,8,9,7,1,11365
NeuLANDPla4H-9,13,H,4,9,1,2,1296,3275,1146,3274,1,34,1261,3282,1243,3269,26.1636,23.2739,8.10266,1.00823,0.0624707,452.225,1,3,2,6,0,5,8,8,7,1,11365
NeuLANDPla4H-10,13,H,4,10,1,10,1237,3271,1146,3274,1,53,1352,3265,1243,3272,25.2372,24.4739,8.10078,1.00332,0.0616434,467.679,1,3,1,6,0,5,7,7,7,1,11365
NeuLANDPla4H-11,13,H,4,11,1,6,1256,3287,1146,3274,1,40,1267,3265,1243,3272,25.9437,23.8462,8.08955,1.00185,0.0615101,446.883,1,3,0,6,0,5,7,6,7,1,11365
NeuLANDPla4H-12,13,H,4,12,1,33,1158,3278,1146,3274,1,78,1392,3261,1243,3272,27.209,23.6841,8.09008,1.01175,0.0608254,441.873,1,3,15,6,0,5,7,5,7,1,11365
NeuLANDPla4H-13,13,H,4,13,1,48,1264,3278,1146,3274,1,44,1215,3259,1243,3272,27.3548,23.7843,8.12146,1.00521,0.061372,475.069,1,3,14,6,0,5,7,4,7,1,11365
NeuLANDPla4H-14,13,H,4,14,1,4,1152,3272,1146,3274,1,28,1251,3268,1243,3272,26.0022,23.0996,8.16123,1.01334,0.0603459,460.696,1,3,13,6,0,5,7,3,7,1,11365
NeuLANDPla4H-15,13,H,4,15,1,8,1196,3263,1146,3274,1,40,1270,3279,1243,3272,25.889,23.0462,8.1344,1.00938,0.0612649,502.05,1,3,12,6,0,5,7,2,7,1,11365
NeuLANDPla4H-16,13,H,4,16,1,6,1168,3271,1146,3274,1,28,1259,3273,1243,3272,28.0561,23.7186,8.14062,1.00886,0.0616647,449.983,1,3,11,6,0,5,7,1,7,1,11365
NeuLANDPla4H-17,13,H,4,17,1,56,1299,3282,1146,3274,1,71,1314,3269,1243,3272,26.3141,23.4667,8.11823,0.990345,0.0617572,511.866,1,3,10,6,0,5,7,0,7,1,11365
NeuLANDPla4H-18,13,H,4,18,1,2,1184,3265,1146,3274,1,72,1207,3281,1243,3272,26.3065,24.064,8.10373,1.00693,0.0615968,490.961,1,3,9,6,0,5,7,15,7,1,11365
NeuLANDPla4H-19,13,H,4,19,1,4,1259,3279,1146,3274,1,53,1261,3269,1243,3272,26.7008,23.8739,8.14522,1.01396,0.0622596,504.794,1,3,8,6,0,5,7,14,7,1,11365
NeuLANDPla4H-20,13,H,4,20,1,46,1217,3278,1198,3288,1,81,1243,3270,1243,3272,26.5986,23.714,8.14928,1.00615,0.0613722,516.557,1,4,7,6,0,5,7,13,7,1,11365
NeuLANDPla4H-21,13,H,4,21,1,44,1258,3267,1198,3288,1,40,1261,3270,1243,3272,27.5017,24.029,8.12038,1.00933,0.0617596,488.985,1,4,6,6,0,5,7,12,7,1,11365
NeuLANDPla4H-22,13,H,4,22,1,1,1272,3277,1198,3288,1,65,1262,3268,1243,3272,25.8822,24.3737,8.09837,1.00661,0.062019,514.472,1,4,5,6,0,5,7,11,7,1,11365
NeuLANDPla4H-23,13,H,4,23,1,36,1226,3273,1198,3288,1,24,1309,3266,1243,3272,26.6097,23.5881,8.18085,1.00797,0.063268,562.903,1,4,4,6,0,5,7,10,7,1,11365
NeuLANDPla4H-24,13,H,4,24,1,14,1206,3280,1198,3288,1,24,1333,3259,1243,3272,25.0746,23.839,8.19124,1.01565,0.0624107,571.131,1,4,3,6,0,5,7,9,7,1,11365
NeuLANDPla4H-25,13,H,4,25,1,59,1314,3272,1198,3288,1,26,1258,3262,1243,3272,26.1023,23.6129,8.10453,1.03065,0.0630096,517.346,1,4,2,6,0,5,7,8,7,1,11365
NeuLANDPla4H-26,13,H,4,26,1,5,1239,3278,1198,3288,1,30,1277,3268,1262,3273,57.9957,7.89941,8.11823,1.01502,0.062073,565.486,1,4,1,6,0,6,3,7,7,0,11365
NeuLANDPla4H-27,13,H,4,27,1,2,1312,3272,1198,3288,1,27,1277,3278,1262,3273,58.0854,7.69834,8.12038,1.01607,0.0618756,422.437,1,4,0,6,0,6,3,6,7,0,11365
NeuLANDPla4H-28,13,H,4,28,1,38,1240,3277,1198,3288,1,73,1239,3271,1262,3273,57.7261,8.20563,8.12523,1.00459,0.0615092,449.036,1,4,15,6,0,6,3,5,7,0,11365
NeuLANDPla4H-29,13,H,4,29,1,6,1305,3274,1198,3288,1,34,1342,3270,1262,3273,17.5722,28.0829,8.09355,1.02593,0.0520144,499.16,1,4,14,6,0,5,8,1,7,1,11365
NeuLANDPla4H-30,13,H,4,30,1,8,1178,3277,1198,3288,1,48,1219,3274,1262,3273,57.8649,8.13427,8.12415,0.998852,0.0618477,486.592,1,4,13,6,0,6,3,3,7,0,11365
NeuLANDPla4H-31,13,H,4,31,1,7,1274,3275,1198,3288,1,50,1262,3258,1262,3273,57.6716,7.96719,8.1615,1.00657,0.0622909,495.062,1,4,12,6,0,6,3,2,7,0,11365
NeuLANDPla4H-32,13,H,4,32,1,10,1204,3283,1198,3288,1,74,1243,3276,1262,3273,59.2579,7.47367,8.20029,0.995674,0.061906,474.02,1,4,11,6,0,6,3,1,7,0,11365
NeuLANDPla4H-33,13,H,4,33,1,8,1284,3270,1198,3288,1,18,1355,3262,1262,3273,58.24,7.43525,8.13413,1.0154,0.0617322,448.515,1,4,10,6,0,6,3,0,7,0,11365
NeuLANDPla4H-34,13,H,4,34,1,49,1243,3275,1198,3288,1,21,1226,3272,1262,3273,58.7443,7.80059,8.07382,1.01302,0.0612841,447.317,1,4,9,6,0,6,3,15,7,0,11365
NeuLANDPla4H-35,13,H,4,35,1,8,1307,3266,1198,3288,1,21,1299,3265,1262,3273,58.7523,7.06294,8.18713,1.02851,0.0610105,487.409,1,4,8,6,0,6,3,14,7,0,11365
NeuLANDPla4H-36,13,H,4,36,1,52,1199,3271,1213,3286,1,26,1183,3278,1262,3273,58.0249,8.04899,8.10292,1.00928,0.0619721,437.236,1,5,7,6,0,6,3,13,7,0,11365
NeuLANDPla4H-37,13,H,4,37,1,30,1306,3271,1213,3286,1,23,1338,3268,1262,3273,60.6434,7.05091,8.15172,1.06651,0.0583498,434.909,1,5,6,6,0,6,3,12,7,0,11365
NeuLANDPla4H-38,13,H,4,38,1,10,1269,3281,1213,3286,1,55,1210,3277,1262,3273,59.3988,7.08957,8.14441,1.00136,0.0613999,441.031,1,5,5,6,0,6,3,11,7,0,11365
NeuLANDPla4H-39,13,H,4,39,1,7,1316,3266,1213,3286,1,23,1347,3267,1262,3273,58.0643,8.27386,8.13818,1.00226,0.0619082,428.568,1,5,4,6,0,6,3,10,7,0,11365
NeuLANDPla4H-40,13,H,4,40,1,18,1216,3279,1213,3286,1,64,1236,3262,1262,3273,58.3339,7.87387,8.02647,1.01362,0.0609762,433.769,1,5,3,6,0,6,3,9,7,0,11365
NeuLANDPla4H-41,13,H,4,41,1,10,1307,3267,1213,3286,1,28,1293,3268,1262,3273,57.6906,7.87387,8.09249,1.00601,0.0618686,505.742,1,5,2,6,0,6,3,8,7,0,11365
NeuLANDPla4H-42,13,H,4,42,1,17,1222,3281,1213,3286,1,25,1282,3282,1282,3280,34.2522,19.8739,7.92419,1.00604,0.0618005,403.477,1,5,1,6,0,6,2,7,7,0,11365
NeuLANDPla4H-43,13,H,4,43,1,9,1312,3266,1213,3286,1,53,1357,3280,1282,3280,33.9374,19.6739,8.04307,1.00679,0.0628213,422.708,1,5,0,6,0,6,2,6,7,0,11365
NeuLANDPla4H-44,13,H,4,44,1,2,1265,3281,1213,3286,1,63,1295,3283,1282,3280,34.6422,20.0739,7.86769,1.00525,0.0618935,444.325,1,5,15,6,0,6,2,5,7,0,11365
NeuLANDPla4H-45,13,H,4,45,1,8,1279,3271,1213,3286,1,60,1351,3273,1282,3280,35.382,20.0739,8.04968,1.00213,0.0624563,467.115,1,5,14,6,0,6,2,4,7,0,11365
NeuLANDPla4H-46,13,H,4,46,1,4,1194,3280,1213,3286,1,68,1220,3276,1282,3280,33.0253,19.6739,7.8839,0.993997,0.0610483,345.341,1,5,13,6,0,6,2,3,7,0,11365
NeuLANDPla4H-47,13,H,4,47,1,39,1294,3273,1213,3286,1,52,1288,3275,1282,3280,34.2126,19.4739,7.89431,0.999335,0.0615547,373.204,1,5,12,6,0,6,2,2,7,0,11365
NeuLANDPla4H-48,13,H,4,48,1,3,1268,3272,1213,3286,1,32,1243,3277,1282,3280,34.6904,19.6739,7.88923,1.01254,0.0610549,390.411,1,5,11,6,0,6,2,1,7,0,11365
NeuLANDPla4H-49,13,H,4,49,1,19,1270,3263,1213,3286,1,34,1289,3275,1282,3280,34.6827,19.4739,7.9789,1.00784,0.0604201,245.767,1,5,10,6,0,6,2,0,7,0,11365
NeuLANDPla5V-0,13,V,5,0,1,5,1202,3278,1141,3288,1,30,1241,3278,1213,3286,0.281551,36.7901,7.80454,1.05145,0.0629135,270.852,1,1,7,6,0,1,5,9,6,0,11415
NeuLANDPla5V-1,13,V,5,1,1,15,1221,3285,1141,3288,1,5,1318,3269,1213,3286,0.0808571,36.9901,7.82148,1.00359,0.0673272,342.976,1,1,6,6,0,1,5,8,6,0,11415
NeuLANDPla5V-2,13,V,5,2,1,9,1194,3283,1141,3288,1,4,1202,3280,1122,3284,0.283367,36.9901,8.06717,1.00957,0.0686853,358.25,1,1,5,6,0,1,6,7,6,0,11415
NeuLANDPla5V-3,13,V,5,3,1,26,1240,3281,1141,3288,1,5,1238,3281,1122,3284,-0.425071,36.9901,8.02148,0.998106,0.070483,396.331,1,1,4,6,0,1,6,6,6,0,11415
NeuLANDPla5V-4,13,V,5,4,1,12,1159,3282,1141,3288,1,47,1217,3282,1122,3284,-0.244918,36.1901,8.00706,1.00714,0.067697,369.089,1,1,3,6,0,1,6,5,6,0,11415
NeuLANDPla5V-5,13,V,5,5,1,4,1231,3279,1141,3288,1,2,1248,3288,1122,3284,-1.21493,36.5145,8.07595,0.946234,0.0655272,358.57,1,1,2,6,0,1,6,4,6,0,11415
NeuLANDPla5V-6,13,V,5,6,1,21,1225,3282,1141,3288,1,64,1177,3275,1122,3284,-0.0582041,36.5419,8.03384,1.01879,0.0680892,423.684,1,1,1,6,0,1,6,3,6,0,11415
NeuLANDPla5V-7,13,V,5,7,1,2,1230,3283,1141,3288,1,6,1255,3282,1122,3284,0.0720612,36.3901,8.14982,1.00482,0.067121,423.852,1,1,0,6,0,1,6,2,6,0,11415
NeuLANDPla5V-8,13,V,5,8,1,2,1122,3284,1141,3288,1,8,1161,3282,1122,3284,0.262388,36.7901,8.30115,1.01114,0.0670308,452.986,1,1,15,6,0,1,6,1,6,0,11415
NeuLANDPla5V-9,13,V,5,9,1,46,1208,3286,1141,3288,1,3,1254,3280,1122,3284,-0.147929,36.96,7.92803,0.972207,0.0656851,418.306,1,1,14,6,0,1,6,0,6,0,11415
NeuLANDPla5V-10,13,V,5,10,1,38,1259,3278,1203,3287,1,44,1168,3278,1122,3284,-9.5074,31.7901,7.93522,1.05133,0.0676789,380.712,2,7,8,6,1,1,6,15,6,0,11415
NeuLANDPla5V-11,13,V,5,11,1,14,1187,3285,1141,3288,1,2,1227,3283,1122,3284,-0.281918,36.5967,8.01387,0.998952,0.067587,460.401,1,1,12,6,0,1,6,14,6,0,11415
NeuLANDPla5V-12,13,V,5,12,1,8,1207,3281,1141,3288,1,3,1159,3279,1122,3284,0.423408,37.1901,8.14116,1.01076,0.0670432,441.396,1,1,11,6,0,1,6,13,6,0,11415
NeuLANDPla5V-13,13,V,5,13,1,25,1203,3283,1141,3288,1,9,1243,3278,1122,3284,-0.0916122,36.7901,8.05338,1.02441,0.0684509,445.662,1,1,10,6,0,1,6,12,6,0,11415
NeuLANDPla5V-14,13,V,5,14,1,39,1172,3278,1141,3288,1,39,1155,3276,1122,3284,0.230429,37.5901,7.9592,1.02728,0.0673183,460.147,1,1,9,6,0,1,6,11,6,0,11415
NeuLANDPla5V-15,13,V,5,15,1,2,1226,3285,1141,3288,1,5,1248,3288,1122,3284,0.618429,37.1577,8.05762,1.00925,0.0681384,448.006,1,1,8,6,0,1,6,10,6,0,11415
NeuLANDPla5V-16,13,V,5,16,1,44,1256,3283,1202,3291,1,5,1252,3280,1122,3284,0.55601,37.3901,7.98332,1.0039,0.0682934,443.294,1,2,7,6,0,1,6,9,6,0,11415
NeuLANDPla5V-17,13,V,5,17,1,9,1234,3277,1202,3291,1,54,1247,3285,1122,3284,1.22451,37.1901,8.11205,1.02641,0.067591,474.875,1,2,6,6,0,1,6,8,6,0,11415
NeuLANDPla5V-18,13,V,5,18,1,8,1265,3280,1202,3291,1,4,1289,3279,1096,3281,0.0995918,37.0769,8.06983,0.992279,0.0674672,461.772,1,2,5,6,0,1,7,7,6,0,11415
NeuLANDPla5V-19,13,V,5,19,1,17,1252,3278,1202,3291,1,7,1288,3275,1096,3281,0.565459,37.3099,7.95067,1.00199,0.0667028,499.683,1,2,4,6,0,1,7,6,6,0,11415
NeuLANDPla5V-20,13,V,5,20,1,2,1259,3282,1202,3291,1,22,1186,3276,1096,3281,1.70586,36.4963,8.01334,1.00409,0.0666197,496.643,1,2,3,6,0,1,7,5,6,0,11415
NeuLANDPla5V-21,13,V,5,21,1,15,1274,3285,1202,3291,1,6,1315,3273,1096,3281,1.02828,37.4366,8.12038,1.00651,0.0657685,516.225,1,2,2,6,0,1,7,4,6,0,11415
NeuLANDPla5V-22,13,V,5,22,1,1,1253,3281,1202,3291,1,13,1266,3278,1096,3281,0.853153,37.3901,8.11017,1.01006,0.0676391,487.711,1,2,1,6,0,1,7,3,6,0,11415
NeuLANDPla5V-23,13,V,5,23,1,6,1262,3278,1202,3291,1,4,1275,3278,1096,3281,1.40238,36.9068,8.05047,1.00444,0.0677735,533.68,1,2,0,6,0,1,7,2,6,0,11415
NeuLANDPla5V-24,13,V,5,24,1,6,1250,3275,1202,3291,1,5,1270,3281,1096,3281,2.23977,36.5613,8.14035,0.983184,0.0676988,515.787,1,2,15,6,0,1,7,1,6,0,11415
NeuLANDPla5V-25,13,V,5,25,1,3,1228,3279,1202,3291,1,12,1285,3274,1096,3281,-0.867439,36.851,8.0616,1.00171,0.0681674,489.935,1,2,14,6,0,1,7,0,6,0,11415
NeuLANDPla5V-26,13,V,5,26,1,14,1213,3278,1202,3291,1,8,1183,3276,1096,3281,0.00436735,36.8288,8.10507,0.995592,0.0679586,508.297,1,2,13,6,0,1,7,15,6,0,11415
NeuLANDPla5V-27,13,V,5,27,1,14,1247,3278,1202,3291,1,40,1247,3275,1096,3281,0.308602,37.3234,8.04783,0.996987,0.0676738,504.792,1,2,12,6,0,1,7,14,6,0,11415
NeuLANDPla5V-28,13,V,5,28,1,37,1342,3269,1313,3275,1,12,1179,3279,1096,3281,-25.7322,23.8804,8.15471,0.933309,0.0632891,502.568,5,9,7,7,1,1,7,13,6,0,11415
NeuLANDPla5V-29,13,V,5,29,1,84,1272,3266,1313,3275,1,35,1226,3279,1096,3281,-25.0922,24.2956,8.06797,0.989566,0.0672215,504.382,5,9,6,7,1,1,7,12,6,0,11415
NeuLANDPla5V-30,13,V,5,30,1,42,1328,3273,1313,3275,1,25,1222,3281,1282,3280,9.23878,6.77043,8.39041,0.99049,0.0675356,467.839,5,9,5,7,1,6,2,15,7,0,11415
NeuLANDPla5V-31,13,V,5,31,1,49,1291,3265,1313,3275,1,56,1235,3285,1282,3280,8.37523,7.20159,8.01361,0.998078,0.0681854,448.223,5,9,4,7,1,6,2,14,7,0,11415
NeuLANDPla5V-32,13,V,5,32,1,24,1335,3272,1313,3275,1,39,1212,3281,1282,3280,7.84229,7.35545,7.86668,0.993514,0.0677578,441.061,5,9,3,7,1,6,2,13,7,0,11415
NeuLANDPla5V-33,13,V,5,33,1,7,1331,3273,1313,3275,1,25,1251,3281,1282,3280,8.04216,6.81098,7.97215,0.969759,0.0646609,472.763,5,9,2,7,1,6,2,12,7,0,11415
NeuLANDPla5V-34,13,V,5,34,1,32,1355,3263,1313,3275,1,49,1218,3281,1282,3280,9.16909,7.34055,7.85987,0.994127,0.0677626,415.879,5,9,1,7,1,6,2,11,7,0,11415
NeuLANDPla5V-35,13,V,5,35,1,27,1288,3277,1313,3275,1,43,1268,3280,1282,3280,7.57565,7.05583,8.10882,1.02724,0.0692478,412.291,5,9,0,7,1,6,2,10,7,0,11415
NeuLANDPla5V-36,13,V,5,36,1,36,1327,3262,1313,3275,1,26,1251,3281,1282,3280,9.48465,7.16716,7.92983,1.01267,0.0668736,399.453,5,9,15,7,1,6,2,9,7,0,11415
NeuLANDPla5V-37,13,V,5,37,1,63,1219,3276,1313,3275,1,85,1254,3274,1282,3280,8.67092,6.85296,8.1803,0.987812,0.0688738,393.476,5,9,14,7,1,6,2,8,7,0,11415
NeuLANDPla5V-38,13,V,5,38,1,29,1400,3269,1313,3275,1,48,1246,3285,1206,3276,32.7057,-4.83077,8.01702,1.02284,0.065461,423.3,5,9,13,7,1,6,1,7,7,0,11415
NeuLANDPla5V-39,13,V,5,39,1,79,1211,3268,1313,3275,1,31,1134,3277,1206,3276,32.6707,-4.62339,7.97215,0.976554,0.0684682,409.914,5,9,12,7,1,6,1,6,7,0,11415
NeuLANDPla5V-40,13,V,5,40,1,38,1396,3263,1313,3275,1,38,1235,3279,1206,3276,32.9892,-4.2099,7.96852,1.00169,0.0689354,433.074,5,9,11,7,1,6,1,5,7,0,11415
NeuLANDPla5V-41,13,V,5,41,1,59,1256,3271,1313,3275,1,59,1142,3274,1206,3276,32.1275,-4.21794,8.08741,0.985927,0.0663596,463.158,5,9,10,7,1,6,1,4,7,0,11415
NeuLANDPla5V-42,13,V,5,42,1,40,1314,3261,1313,3275,1,38,1238,3278,1206,3276,32.6597,-4.30451,7.83875,0.990081,0.0680863,446.514,5,9,9,7,1,6,1,3,7,0,11415
NeuLANDPla5V-43,13,V,5,43,1,41,1290,3274,1313,3275,1,58,1164,3272,1206,3276,32.4686,-4.50256,7.92291,1.00245,0.0675966,362.66,5,9,8,7,1,6,1,2,7,0,11415
NeuLANDPla5V-44,13,V,5,44,1,31,1291,3262,1243,3269,1,39,1231,3278,1206,3276,32.6225,-5.0099,7.95351,0.995004,0.0671331,352.064,5,8,7,7,1,6,1,1,7,0,11415
NeuLANDPla5V-45,13,V,5,45,1,33,1272,3277,1243,3269,1,39,1189,3274,1206,3276,32.9067,-4.8099,7.88999,0.993024,0.0678729,354.026,5,8,6,7,1,6,1,0,7,0,11415
NeuLANDPla5V-46,13,V,5,46,1,38,1282,3270,1243,3269,1,36,1229,3279,1206,3276,32.3753,-5.0099,8.227,1.01894,0.0688684,373.57,5,8,5,7,1,6,1,15,7,0,11415
NeuLANDPla5V-47,13,V,5,47,1,79,1254,3279,1243,3269,1,76,1148,3277,1206,3276,31.9461,-4.4099,7.82198,1.00901,0.0673364,369.736,5,8,4,7,1,6,1,14,7,0,11415
NeuLANDPla5V-48,13,V,5,48,1,64,1269,3271,1243,3269,1,79,1239,3273,1206,3276,32.1391,-5.0099,7.79535,0.999417,0.0673995,336.249,5,8,3,7,1,6,1,13,7,0,11415
NeuLANDPla5V-49,13,V,5,49,1,30,1226,3271,1243,3269,1,31,1141,3278,1206,3276,31.3089,-5.2099,7.93497,1.02381,0.0672898,278.804,5,8,2,7,1,6,1,12,7,0,11415
NeuLANDPla6H-0,13,H,6,0,1,2,1206,3286,1195,3287,1,50,1238,3269,1257,3269,23.9204,16.7641,7.9548,1.09637,0.051687,205.359,3,3,11,5,0,6,8,1,7,0,11465
NeuLANDPla6H-1,13,H,6,1,1,34,1178,3280,1195,3287,1,84,1346,3269,1257,3269,23.1075,18.9641,7.86896,0.952905,0.0499393,220.32,3,3,10,5,0,6,8,0,7,0,11465
NeuLANDPla6H-2,13,H,6,2,1,48,1249,3280,1195,3287,1,51.296195,1226,3277,1257,3269,23.2235,16.7641,7.82698,0.972005,0.0501457,210.994,3,3,9,5,0,6,8,15,7,0,11465
NeuLANDPla6H-3,13,H,6,3,1,4,1173,3276,1195,3287,1,46,1288,3278,1257,3269,23.1352,16.7641,7.78965,1.02327,0.0571479,253.289,3,3,8,5,0,6,8,14,7,0,11465
NeuLANDPla6H-4,13,H,6,4,1,76,1197,3278,1159,3289,1,45,1241,3276,1257,3269,23.7198,16.5641,7.86769,1.02846,0.054735,242.193,3,4,7,5,0,6,8,13,7,0,11465
NeuLANDPla6H-5,13,H,6,5,1,4,1164,3271,1159,3289,1,46,1216,3272,1257,3269,23.968,16.5641,7.88644,0.979391,0.0575998,248.736,3,4,6,5,0,6,8,12,7,0,11465
NeuLANDPla6H-6,13,H,6,6,1,23,1194,3285,1159,3289,1,107,1211,3271,1257,3269,23.7751,16.5641,7.91369,0.991217,0.056564,253.903,3,4,5,5,0,6,8,11,7,0,11465
NeuLANDPla6H-7,13,H,6,7,1,2,1280,3278,1159,3289,1,86,1274,3271,1257,3269,23.9138,16.5641,7.91471,0.999437,0.0607809,336.833,3,4,4,5,0,6,8,10,7,0,11465
NeuLANDPla6H-8,13,H,6,8,1,2,1224,3280,1159,3289,1,45,1297,3272,1257,3269,22.9373,16.7641,8.04545,0.952972,0.0574456,247.578,3,4,3,5,0,6,8,9,7,0,11465
NeuLANDPla6H-9,13,H,6,9,1,24,1151,3270,1159,3289,1,55,1261,3264,1257,3269,21.8778,16.3641,8.10668,0.980647,0.0624858,377.065,3,4,2,5,0,6,8,8,7,0,11465
NeuLANDPla6H-10,13,H,6,10,1,77,1229,3281,1159,3289,1,32.801925,1270,3272,1268,3271,25.8369,15.1641,7.90017,0.96251,0.054086,259.426,3,4,1,5,0,6,7,7,7,0,11465
NeuLANDPla6H-11,13,H,6,11,1,10,1209,3271,1159,3289,1,40.343234,1261,3268,1268,3271,25.4549,15.2549,8.06372,1.01674,0.0575191,276.499,3,4,0,5,0,6,7,6,7,0,11465
NeuLANDPla6H-12,13,H,6,12,1,2,1163,3289,1159,3289,1,38.914422,1269,3263,1268,3271,27.1262,14.6975,8.12253,0.986926,0.0597494,355.264,3,4,15,5,0,6,7,5,7,0,11465
NeuLANDPla6H-13,13,H,6,13,1,14,1188,3272,1159,3289,1,66.074712,1294,3268,1268,3271,26.1177,15.4126,8.02463,0.988859,0.0615646,369.672,3,4,14,5,0,6,7,4,7,0,11465
NeuLANDPla6H-14,13,H,6,14,1,61,1162,3287,1159,3289,1,61.398986,1273,3264,1268,3271,25.002,15.1447,8.05921,1.0032,0.0591877,302.467,3,4,13,5,0,6,7,3,7,0,11465
NeuLANDPla6H-15,13,H,6,15,1,2,1193,3277,1159,3289,1,65.274841,1280,3269,1268,3271,25.6418,15.3686,8.08634,0.986299,0.0610491,366.575,3,4,12,5,0,6,7,2,7,0,11465
NeuLANDPla6H-16,13,H,6,16,1,62,1208,3284,1159,3289,1,51.88602,1274,3267,1268,3271,26.1027,15.0154,8.09489,1.0182,0.06313,362.113,3,4,11,5,0,6,7,1,7,0,11465
NeuLANDPla6H-17,13,H,6,17,1,62,1195,3279,1159,3289,1,44.320116,1251,3267,1268,3271,25.7705,15.1903,8.03121,0.971694,0.0604191,316.021,3,4,10,5,0,6,7,0,7,0,11465
NeuLANDPla6H-18,13,H,6,18,1,91,1202,3278,1159,3289,1,88.547898,1236,3272,1268,3271,25.6294,15.4088,8.09088,0.96301,0.0612036,406.463,3,4,9,5,0,6,7,15,7,0,11465
NeuLANDPla6H-19,13,H,6,19,1,2,1257,3275,1159,3289,1,80.474544,1144,3269,1268,3271,25.7507,15.149,8.12065,0.970498,0.0609384,361.5,3,4,8,5,0,6,7,14,7,0,11465
NeuLANDPla6H-20,13,H,6,20,1,8,1161,3271,1220,3290,1,81.312246,1285,3262,1268,3271,25.8049,15.356,8.08981,0.973357,0.0628267,419.248,3,5,7,5,0,6,7,13,7,0,11465
NeuLANDPla6H-21,13,H,6,21,1,24,1204,3279,1220,3290,1,48.740999,1259,3274,1268,3271,26.7506,15.2261,8.01702,0.979413,0.0607952,346.9,3,5,6,5,0,6,7,12,7,0,11465
NeuLANDPla6H-22,13,H,6,22,1,5,1253,3282,1220,3290,1,37.775139,1272,3263,1268,3271,25.9317,15.3284,8.08527,0.96851,0.0616345,300.023,3,5,5,5,0,6,7,11,7,0,11465
NeuLANDPla6H-23,13,H,6,23,1,7,1199,3280,1220,3290,1,52.762158,1164,3266,1268,3271,26.4198,14.8853,8.12981,0.991548,0.0617162,419.516,3,5,4,5,0,6,7,10,7,0,11465
NeuLANDPla6H-24,13,H,6,24,1,10,1181,3275,1220,3290,1,65.327834,1247,3264,1268,3271,25.2807,14.9508,8.13683,0.987199,0.060691,355.513,3,5,3,5,0,6,7,9,7,0,11465
NeuLANDPla6H-25,13,H,6,25,1,2,1217,3279,1220,3290,1,46.344982,1192,3267,1268,3271,25.8891,14.9938,8.13035,0.990942,0.0616314,426.342,3,5,2,5,0,6,7,8,7,0,11465
NeuLANDPla6H-26,13,H,6,26,1,30,1166,3280,1220,3290,1,44,1259,3269,1248,3278,47.9277,3.89564,8.08207,1.01977,0.0622213,373.37,3,5,1,5,0,6,6,7,7,0,11465
NeuLANDPla6H-27,13,H,6,27,1,49,1221,3277,1220,3290,1,47,1283,3273,1248,3278,47.4167,3.64682,8.10346,1.00226,0.0615003,446.849,3,5,0,5,0,6,6,6,7,0,11465
NeuLANDPla6H-28,13,H,6,28,1,30,1212,3288,1220,3290,1,42,1335,3265,1248,3278,48.4666,3.35432,8.07834,0.989913,0.062126,327.047,3,5,15,5,0,6,6,5,7,0,11465
NeuLANDPla6H-29,13,H,6,29,1,6,1173,3282,1220,3290,1,39,1310,3279,1248,3278,46.573,3.60976,8.07222,1.00321,0.0616673,391.854,3,5,14,5,0,6,6,4,7,0,11465
NeuLANDPla6H-30,13,H,6,30,1,4,1193,3281,1220,3290,1,40,1243,3266,1248,3278,48.4201,4.03911,8.01361,1.00484,0.0597269,351.167,3,5,13,5,0,6,6,3,7,0,11465
NeuLANDPla6H-31,13,H,6,31,1,48,1178,3280,1220,3290,1,87,1338,3275,1248,3278,48.1289,3.80728,8.05153,1.00336,0.0615341,409.05,3,5,12,5,0,6,6,2,7,0,11465
NeuLANDPla6H-32,13,H,6,32,1,1,1164,3282,1220,3290,1,39,1241,3266,1248,3278,48.6925,3.77663,8.04254,1.02067,0.0598148,321.232,3,5,11,5,0,6,6,1,7,0,11465
NeuLANDPla6H-33,13,H,6,33,1,9,1148,3283,1220,3290,1,26,1309,3277,1248,3278,46.989,3.36407,8.07968,1.03198,0.0609141,338.631,3,5,10,5,0,6,6,0,7,0,11465
NeuLANDPla6H-34,13,H,6,34,1,56,1167,3275,1220,3290,1,72,1246,3278,1248,3278,48.4154,3.96407,8.02989,1.00092,0.0612493,439.786,3,5,9,5,0,6,6,15,7,0,11465
NeuLANDPla6H-35,13,H,6,35,1,5,1157,3279,1220,3290,1,78,1259,3273,1248,3278,47.665,3.69478,8.01387,1.02523,0.0607639,333.48,3,5,8,5,0,6,6,14,7,0,11465
NeuLANDPla6H-36,13,H,6,36,1,43,1215,3283,1206,3290,1,46,1351,3273,1248,3278,49.4057,4.36407,7.96489,1.01238,0.0613743,379.415,3,6,7,5,0,6,6,13,7,0,11465
NeuLANDPla6H-37,13,H,6,37,1,6,1200,3281,1206,3290,1,60,1250,3278,1248,3278,49.2595,4.0933,8.05021,1.0257,0.0615886,384.318,3,6,6,5,0,6,6,12,7,0,11465
NeuLANDPla6H-38,13,H,6,38,1,5,1235,3283,1206,3290,1,23,1319,3265,1248,3278,48.2413,4.36407,7.99295,1.00484,0.0608721,353.167,3,6,5,5,0,6,6,11,7,0,11465
NeuLANDPla6H-39,13,H,6,39,1,2,1192,3282,1206,3290,1,30,1316,3275,1248,3278,48.0848,3.96407,8.02989,1.00192,0.0609899,359.391,3,6,4,5,0,6,6,10,7,0,11465
NeuLANDPla6H-40,13,H,6,40,1,4,1269,3282,1206,3290,1,52,1273,3268,1248,3278,47.7493,4.16407,7.94655,0.998949,0.0608283,402.277,3,6,3,5,0,6,6,9,7,0,11465
NeuLANDPla6H-41,13,H,6,41,1,3,1186,3281,1206,3290,1,62,1233,3274,1248,3278,47.2167,3.76407,7.99791,1.00757,0.0604698,353.003,3,6,2,5,0,6,6,8,7,0,11465
NeuLANDPla6H-42,13,H,6,42,1,9,1237,3285,1206,3290,1,8,1256,3272,1155,3265,48.7917,3.96407,7.90756,1.01259,0.0564421,269.651,3,6,1,5,0,6,5,7,7,0,11465
NeuLANDPla6H-43,13,H,6,43,1,0,1278,3284,1206,3290,1,71,1250,3272,1155,3265,48.3939,3.76407,7.95351,0.995771,0.0595245,313.267,3,6,0,5,0,6,5,6,7,0,11465
NeuLANDPla6H-44,13,H,6,44,1,5,1211,3285,1206,3290,1,25,1240,3273,1155,3265,49.1182,3.36407,8.00968,1.02705,0.0583989,259.831,3,6,15,5,0,6,5,5,7,0,11465
NeuLANDPla6H-45,13,H,6,45,1,25,1165,3282,1206,3290,1,15,1265,3278,1155,3265,48.6801,3.96407,7.83975,0.994753,0.0602353,455.881,3,6,14,5,0,6,5,4,7,0,11465
NeuLANDPla6H-46,13,H,6,46,1,14,1207,3283,1206,3290,1,19,1253,3280,1155,3265,48.8688,3.56407,7.71726,0.985066,0.0520599,236.321,3,6,13,5,0,6,5,3,7,0,11465
NeuLANDPla6H-47,13,H,6,47,1,58,1192,3281,1206,3290,1,17,1290,3275,1155,3265,48.7049,3.36407,7.73261,0.97589,0.0492631,230.516,3,6,12,5,0,6,5,2,7,0,11465
NeuLANDPla6H-48,13,H,6,48,1,3,1236,3284,1206,3290,1,46,1271,3280,1155,3265,48.4496,3.76407,7.88745,0.872176,0.045307,226.363,3,6,11,5,0,6,5,1,7,0,11465
NeuLANDPla6H-49,13,H,6,49,1,11,1075,3276,1206,3290,1,23,1275,3284,1155,3265,49.4983,3.36407,7.79436,0.952895,0.053286,176.485,3,6,10,5,0,6,5,0,7,0,11465
NeuLANDPla7V-0,13,V,7,0,1,7,1114,3276,1140,3279,1,4,1252,3277,1206,3290,1.14619,27.7594,8.02568,1.02026,0.0662378,339.655,3,2,7,5,0,3,6,9,5,0,11515
NeuLANDPla7V-1,13,V,7,1,1,9,1245,3282,1140,3279,1,28,1187,3277,1206,3290,2.4635,27.7594,7.84678,0.979894,0.0610507,218.002,3,2,6,5,0,3,6,8,5,0,11515
NeuLANDPla7V-2,13,V,7,2,1,14,1182,3281,1140,3279,1,51,1223,3263,1148,3287,0.287898,28.3594,7.6529,1.01716,0.0636927,198.221,3,2,5,5,0,3,7,7,5,0,11515
NeuLANDPla7V-3,13,V,7,3,1,46,1292,3274,1140,3279,1,65,1229,3280,1148,3287,1.55809,28.5594,7.82923,1.00617,0.0636117,202.174,3,2,4,5,0,3,7,6,5,0,11515
NeuLANDPla7V-4,13,V,7,4,1,1,1155,3275,1140,3279,1,17,1245,3274,1148,3287,-0.186704,27.9594,7.77704,0.964231,0.0612676,213.961,3,2,3,5,0,3,7,5,5,0,11515
NeuLANDPla7V-5,13,V,7,5,1,35,1266,3269,1140,3279,1,58,1282,3280,1148,3287,1.72972,27.9594,7.62931,0.973623,0.0646247,226.323,3,2,2,5,0,3,7,4,5,0,11515
NeuLANDPla7V-6,13,V,7,6,1,13,1268,3275,1140,3279,1,31,1213,3279,1148,3287,2.06887,28.3594,7.71678,1.03256,0.065398,225.864,3,2,1,5,0,3,7,3,5,0,11515
NeuLANDPla7V-7,13,V,7,7,1,7,1254,3266,1140,3279,1,4,1241,3278,1148,3287,1.57143,27.5594,8.00654,1.02376,0.0684643,294.09,3,2,0,5,0,3,7,2,5,0,11515
NeuLANDPla7V-8,13,V,7,8,1,2,1123,3279,1140,3279,1,31,1268,3281,1148,3287,0.886153,28.1594,7.9953,0.965322,0.0642835,232.204,3,2,15,5,0,3,7,1,5,0,11515
NeuLANDPla7V-9,13,V,7,9,1,9,1239,3271,1140,3279,1,56,1269,3278,1148,3287,1.06227,28.1594,8.19343,1.00005,0.0643621,305.903,3,2,14,5,0,3,7,0,5,0,11515
NeuLANDPla7V-10,13,V,7,10,1,7,1116,3277,1140,3279,1,50,1190,3272,1148,3287,-0.024398,27.7594,8.00418,0.986421,0.067732,321.698,3,2,13,5,0,3,7,15,5,0,11515
NeuLANDPla7V-11,13,V,7,11,1,11,1255,3268,1140,3279,1,27,1231,3281,1148,3287,0.506173,27.9594,7.90195,1.00538,0.0670966,304.5,3,2,12,5,0,3,7,14,5,0,11515
NeuLANDPla7V-12,13,V,7,12,1,7,1132,3278,1140,3279,1,62,1137,3282,1148,3287,1.4475,27.5594,7.94037,0.991315,0.0647002,248.952,3,2,11,5,0,3,7,13,5,0,11515
NeuLANDPla7V-13,13,V,7,13,1,23,1247,3265,1140,3279,1,45,1247,3278,1148,3287,0.977796,28.3594,7.94835,0.987786,0.0663084,298.372,3,2,10,5,0,3,7,12,5,0,11515
NeuLANDPla7V-14,13,V,7,14,1,3,1268,3273,1140,3279,1,3,1188,3266,1148,3287,1.56243,27.9594,8.02805,1.01308,0.0664274,357.774,3,2,9,5,0,3,7,11,5,0,11515
NeuLANDPla7V-15,13,V,7,15,1,11,1265,3271,1140,3279,1,5,1238,3282,1148,3287,0.919204,28.3594,8.19892,0.999344,0.0665033,458.861,3,2,8,5,0,3,7,10,5,0,11515
NeuLANDPla7V-16,13,V,7,16,1,36,1218,3286,1195,3287,1,14,1212,3279,1148,3287,1.54942,27.9594,8.15498,1.0017,0.0675399,456.897,3,3,7,5,0,3,7,9,5,0,11515
NeuLANDPla7V-17,13,V,7,17,1,26,1196,3279,1195,3287,1,12,1260,3280,1148,3287,1.77964,27.9594,7.90195,1.01764,0.0656891,354.167,3,3,6,5,0,3,7,8,5,0,11515
NeuLANDPla7V-18,13,V,7,18,1,51,1249,3285,1195,3287,1,32,1169,3277,1098,3288,-0.365051,28.5594,7.94809,1.05612,0.0653203,463.985,3,3,5,5,0,3,8,7,5,0,11515
NeuLANDPla7V-19,13,V,7,19,1,19,1197,3279,1195,3287,1,11,1256,3286,1098,3288,0.747265,27.9594,7.99817,1.23199,0.0771947,416.502,3,3,4,5,0,3,8,6,5,0,11515
NeuLANDPla7V-20,13,V,7,20,1,41,1271,3281,1195,3287,1,12,1172,3276,1098,3288,0.0997959,28.5594,7.95971,1.00818,0.0663658,480.584,3,3,3,5,0,3,8,5,5,0,11515
NeuLANDPla7V-21,13,V,7,21,1,16,1198,3279,1195,3287,1,33,1213,3278,1098,3288,-0.890316,28.1594,7.91625,1.02148,0.0681377,470.511,3,3,2,5,0,3,8,4,5,0,11515
NeuLANDPla7V-22,13,V,7,22,1,7,1229,3280,1195,3287,1,23,1153,3278,1098,3288,-0.767724,28.1594,8.12253,1.03027,0.0673583,482.847,3,3,1,5,0,3,8,3,5,0,11515
NeuLANDPla7V-23,13,V,7,23,1,16,1197,3281,1195,3287,1,14,1204,3284,1098,3288,-1.63365,28.9594,8.13899,1.02069,0.0690357,539.269,3,3,0,5,0,3,8,2,5,0,11515
NeuLANDPla7V-24,13,V,7,24,1,33,1244,3278,1195,3287,1,9,1145,3282,1098,3288,-0.902357,28.2386,8.01466,1.0019,0.0670517,490.077,3,3,15,5,0,3,8,1,5,0,11515
NeuLANDPla7V-25,13,V,7,25,1,6,1169,3283,1195,3287,1,5,1167,3283,1098,3288,-0.157122,27.9594,8.05868,1.01991,0.0674817,501.229,3,3,14,5,0,3,8,0,5,0,11515
NeuLANDPla7V-26,13,V,7,26,1,10,1230,3286,1195,3287,1,26,1132,3284,1098,3288,-0.409918,27.1594,8.05179,1.00999,0.0664528,386.782,3,3,13,5,0,3,8,15,5,0,11515
NeuLANDPla7V-27,13,V,7,27,1,4,1178,3285,1195,3287,1,32,1140,3277,1098,3288,-0.893041,27.7594,8.09061,0.974135,0.067574,388.632,3,3,12,5,0,3,8,14,5,0,11515
NeuLANDPla7V-28,13,V,7,28,1,57,1297,3268,1272,3271,1,41,1125,3275,1098,3288,-23.3454,17.5594,8.18112,1.01284,0.0673556,450.932,6,9,7,7,0,3,8,13,5,0,11515
NeuLANDPla7V-29,13,V,7,29,1,42,1313,3279,1272,3271,1,12,1128,3275,1098,3288,-23.0318,16.5594,8.08981,1.0003,0.0669376,485.664,6,9,6,7,0,3,8,12,5,0,11515
NeuLANDPla7V-30,13,V,7,30,1,56,1329,3272,1272,3271,1,26,1158,3274,1155,3265,25.7266,-8.04063,8.00418,1.01858,0.0661786,406.554,6,9,5,7,0,6,5,15,7,0,11515
NeuLANDPla7V-31,13,V,7,31,1,92,1321,3273,1272,3271,1,24,1274,3286,1155,3265,24.7599,-8.24063,7.88517,1.00098,0.0683209,377.662,6,9,4,7,0,6,5,14,7,0,11515
NeuLANDPla7V-32,13,V,7,32,1,60,1304,3275,1272,3271,1,45,1239,3287,1155,3265,25.4166,-7.44063,8.00052,0.989441,0.0665458,453.994,6,9,3,7,0,6,5,13,7,0,11515
NeuLANDPla7V-33,13,V,7,33,1,61,1329,3274,1272,3271,1,13,1253,3279,1155,3265,24.9045,-8.24063,8.04809,0.98709,0.0674778,464.487,6,9,2,7,0,6,5,12,7,0,11515
NeuLANDPla7V-34,13,V,7,34,1,38,1288,3271,1272,3271,1,3,1177,3267,1155,3265,26.8644,-8.01286,8.02989,1.00896,0.0668431,457.768,6,9,1,7,0,6,5,11,7,0,11515
NeuLANDPla7V-35,13,V,7,35,1,37,1373,3272,1272,3271,1,63,1239,3276,1155,3265,26.0836,-7.4015,7.85332,0.996259,0.0656357,337.487,6,9,0,7,0,6,5,10,7,0,11515
NeuLANDPla7V-36,13,V,7,36,1,35,1268,3278,1272,3271,1,16,1232,3270,1155,3265,26.7901,-7.84063,7.94577,1.02123,0.0662909,328.644,6,9,15,7,0,6,5,9,7,0,11515
NeuLANDPla7V-37,13,V,7,37,1,40,1343,3277,1272,3271,1,18,1310,3283,1155,3265,25.2213,-7.49514,8.08928,0.994123,0.0649331,277.952,6,9,14,7,0,6,5,8,7,0,11515
NeuLANDPla7V-38,13,V,7,38,1,46,1266,3276,1272,3271,1,41,1151,3265,1135,3267,27.5377,-7.84063,7.93086,1.00182,0.0660658,324.499,6,9,13,7,0,6,4,7,7,0,11515
NeuLANDPla7V-39,13,V,7,39,1,40,1334,3278,1272,3271,1,25,1156,3276,1135,3267,25.9174,-7.44063,8.03042,1.0121,0.0674657,360.561,6,9,12,7,0,6,4,6,7,0,11515
NeuLANDPla7V-40,13,V,7,40,1,42,1301,3279,1272,3271,1,28,1271,3271,1135,3267,27.227,-7.84063,8.04783,1.0005,0.0662197,360.381,6,9,11,7,0,6,4,5,7,0,11515
NeuLANDPla7V-41,13,V,7,41,1,62,1337,3275,1272,3271,1,21,1169,3271,1135,3267,26.3576,-8.64063,8.04677,1.02456,0.0657107,277.919,6,9,10,7,0,6,4,4,7,0,11515
NeuLANDPla7V-42,13,V,7,42,1,38,1340,3272,1272,3271,1,31,1290,3268,1135,3267,26.7586,-7.24063,8.129,0.99328,0.0653741,258.054,6,9,9,7,0,6,4,3,7,0,11515
NeuLANDPla7V-43,13,V,7,43,1,85,1353,3272,1272,3271,1,55,1165,3270,1135,3267,27.3304,-8.24063,7.90935,1.01899,0.0654517,254.497,6,9,8,7,0,6,4,2,7,0,11515
NeuLANDPla7V-44,13,V,7,44,1,46,1262,3270,1257,3269,1,25,1317,3271,1135,3267,28.0273,-8.04063,7.7353,1.05038,0.0683237,312.571,6,8,7,7,0,6,4,1,7,0,11515
NeuLANDPla7V-45,13,V,7,45,1,47,1242,3266,1257,3269,1,27,1160,3274,1135,3267,26.4858,-8.44689,7.90017,1.00092,0.058093,201.924,6,8,6,7,0,6,4,0,7,0,11515
NeuLANDPla7V-46,13,V,7,46,1,51,1265,3269,1257,3269,1,20,1258,3271,1135,3267,25.6697,-8.44063,7.99922,1.03447,0.0616761,216.585,6,8,5,7,0,6,4,15,7,0,11515
NeuLANDPla7V-47,13,V,7,47,1,50,1252,3267,1257,3269,1,29,1119,3276,1135,3267,26.1887,-7.44063,7.77852,0.980386,0.0625248,219.098,6,8,4,7,0,6,4,14,7,0,11515
NeuLANDPla7V-48,13,V,7,48,1,43,1311,3273,1257,3269,1,26,1258,3270,1135,3267,25.5747,-8.44063,7.92367,0.851008,0.0687953,193.612,6,8,3,7,0,6,4,13,7,0,11515
NeuLANDPla7V-49,13,V,7,49,1,74,1366,3272,1257,3269,1,47,1108,3276,1135,3267,26.9286,-8.24063,7.8508,0.996279,0.0678582,359.101,6,8,2,7,0,6,4,12,7,0,11515
MasterStart,13,V,1,1,1,74,1160,3277,1168,3285,1,47,1108,3276,1135,3267,0,0,0,0,0,0,2,7,11,6,1,6,7,11,7,0,0
