run number,ridf events,run type,Ion Chamber,PPAC,Plastic,NEULAND,NEULANDVETO,SAMURAIBDC1,SAMURAIBDC2,Custom TOF,DC TPF,PLAcut,Placekeeper
1735,0,9,1735,1735,0,,,,,,1931,1735,0
1736,2497,9,1735,1735,0,,,,,,1931,1735,0
1737,17403,9,1735,1735,0,,,,,,1931,1735,0
1738,9147,9,1735,1735,0,,,,,,1931,1735,0
1739,5278,9,1735,1735,0,,,,,,1931,1735,0
1740,31454,9,1735,1735,0,,,,,,1931,1735,0
1741,-1,,1735,1735,0,,,,,,1931,1735,0
1742,9911,9,1735,1735,0,,,,,,1931,1735,0
1743,40957,9,1735,1735,0,,,,,,1931,1735,0
1744,13726,9,1735,1735,0,,,,,,1931,1735,0
1745,1214,9,1735,1735,0,,,,,,1931,1735,0
1746,1070,9,1735,1735,0,,,,,,1931,1735,0
1747,5200,9,1735,1735,0,,,,,,1931,1735,0
1748,93223,9,1735,1735,0,,,,,,1931,1735,0
1749,6972,9,1735,1735,0,,,,,,1931,1735,0
1750,6981,9,1735,1735,0,,,,,,1931,1735,0
1751,6670,9,1735,1735,0,,,,,,1931,1735,0
1752,366,9,1735,1735,0,,,,,,1931,1735,0
1753,6523,9,1735,1735,0,,,,,,1931,1735,0
1754,6463,9,1735,1735,0,,,,,,1931,1735,0
1755,6352,9,1735,1735,0,,,,,,1931,1735,0
1756,-1,,1735,1735,0,,,,,,1931,1735,0
1757,-1,,1735,1735,0,,,,,,1931,1735,0
1758,6081,9,1735,1735,0,,,,,,1931,1735,0
1759,6521,9,1735,1735,0,,,,,,1931,1735,0
1760,6616,9,1735,1735,0,,,,,,1931,1735,0
1761,7010,9,1735,1735,0,,,,,,1931,1735,0
1762,6921,9,1735,1735,0,,,,,,1931,1735,0
1763,6705,9,1735,1735,0,,,,,,1931,1735,0
1764,6782,9,1735,1735,0,,,,,,1931,1735,0
1765,4908,9,1735,1735,0,,,,,,1931,1735,0
1766,5109,9,1735,1735,0,,,,,,1931,1735,0
1767,3931,9,1735,1735,0,,,,,,1931,1735,0
1768,4163,9,1735,1735,0,,,,,,1931,1735,0
1769,2201,9,1735,1735,0,,,,,,1931,1735,0
1770,3915,9,1735,1735,0,,,,,,1931,1735,0
1771,0,9,1735,1735,0,,,,,,1931,1735,0
1772,2675,9,1735,1735,0,,,,,,1931,1735,0
1773,1226,9,1735,1735,0,,,,,,1931,1735,0
1774,844,9,1735,1735,0,,,,,,1931,1735,0
1775,191,9,1735,1735,0,,,,,,1931,1735,0
1776,3980,9,1735,1735,0,,,,,,1931,1735,0
1777,4421,9,1735,1735,0,,,,,,1931,1735,0
1778,4192,9,1735,1735,0,,,,,,1931,1735,0
1779,4025,9,1735,1735,0,,,,,,1931,1735,0
1780,4497,9,1735,1735,0,,,,,,1931,1735,0
1781,281,9,1735,1735,0,,,,,,1931,1735,0
1782,710,9,1735,1735,0,,,,,,1931,1735,0
1783,68,9,1735,1735,0,,,,,,1931,1735,0
1784,392,9,1735,1735,0,,,,,,1931,1735,0
1785,6783,9,1735,1735,0,,,,,,1931,1735,0
1786,2515,9,1735,1735,0,,,,,,1931,1735,0
1787,0,9,1735,1735,0,,,,,,1931,1735,0
1788,-1,9,1735,1735,0,,,,,,1931,1735,0
1789,-1,9,1735,1735,0,,,,,,1931,1735,0
1790,-1,9,1735,1735,0,,,,,,1931,1735,0
1791,-1,9,1735,1735,0,,,,,,1931,1735,0
1792,-1,9,1735,1735,0,,,,,,1931,1735,0
1793,-1,9,1735,1735,0,,,,,,1931,1735,0
1794,-1,9,1735,1735,0,,,,,,1931,1735,0
1795,-1,9,1735,1735,0,,,,,,1931,1735,0
1796,-1,9,1735,1735,0,,,,,,1931,1735,0
1797,-1,9,1735,1735,0,,,,,,1931,1735,0
1798,-1,9,1735,1735,0,,,,,,1931,1735,0
1799,-1,9,1735,1735,0,,,,,,1931,1735,0
1800,117600,,1735,1735,0,,,,,,1931,1735,0
1801,42192,9,1735,1735,0,,,,,,1931,1735,0
1802,53949,,1735,1735,0,,,,,,1931,1735,0
1803,-1,,1735,1735,0,,,,,,1931,1735,0
1804,-1,,1735,1735,0,,,,,,1931,1735,0
1805,2578,9,1735,1735,0,,,,,,1931,1735,0
1806,4041,9,1735,1735,0,,,,,,1931,1735,0
1807,1465,9,1735,1735,0,,,,,,1931,1735,0
1808,2068,9,1735,1735,0,,,,,,1931,1735,0
1809,8841,9,1735,1735,0,,,,,,1931,1735,0
1810,6856,9,1735,1735,0,,,,,,1931,1735,0
1811,39341,9,1735,1735,0,,,,,,1931,1735,0
1812,32523,9,1735,1735,0,,,,,,1931,1735,0
1813,25783,9,1735,1735,0,,,,,,1931,1735,0
1814,17953,9,1735,1735,0,,,,,,1931,1735,0
1815,59789,9,1735,1735,0,,,,,,1931,1735,0
1816,7456,9,1735,1735,0,,,,,,1931,1735,0
1817,9337,9,1735,1735,0,,,,,,1931,1735,0
1818,35192,9,1735,1735,0,,,,,,1931,1735,0
1819,38862,9,1735,1735,0,,,,,,1931,1735,0
1820,23191,9,1735,1735,0,,,,,,1931,1735,0
1821,15149,9,1735,1735,0,,,,,,1931,1735,0
1822,24381,9,1735,1735,0,,,,,,1931,1735,0
1823,11251,9,1735,1735,0,,,,,,1931,1735,0
1824,956,9,1735,1735,0,,,,,,1931,1735,0
1825,62467,9,1735,1735,0,,,,,,1931,1735,0
1826,13165,9,1735,1735,0,,,,,,1931,1735,0
1827,18477,9,1735,1735,0,,,,,,1931,1735,0
1828,19485,9,1735,1735,0,,,,,,1931,1735,0
1829,19676,9,1735,1735,0,,,,,,1931,1735,0
1830,8,9,1735,1735,0,,,,,,1931,1735,0
1831,0,9,1735,1735,0,,,,,,1931,1735,0
1832,7004,9,1735,1735,0,,,,,,1931,1735,0
1833,3716,9,1735,1735,0,,,,,,1931,1735,0
1834,15154,9,1735,1735,0,,,,,,1931,1735,0
1835,0,9,1735,1735,0,,,,,,1931,1735,0
1836,25733,9,1735,1735,0,,,,,,1931,1735,0
1837,0,9,1735,1735,0,,,,,,1931,1735,0
1838,21306,9,1735,1735,0,,,,,,1931,1735,0
1839,0,9,1735,1735,0,,,,,,1931,1735,0
1840,0,9,1735,1735,0,,,,,,1931,1735,0
1841,0,9,1735,1735,0,,,,,,1931,1735,0
1842,-1,,1735,1735,0,,,,,,1931,1735,0
1843,-1,9,1735,1735,0,,,,,,1931,1735,0
1844,-1,9,1735,1735,0,,,,,,1931,1735,0
1845,-1,9,1735,1735,0,,,,,,1931,1735,0
1846,-1,9,1735,1735,0,,,,,,1931,1735,0
1847,25900,9,1735,1735,0,,,,,,1931,1735,0
1848,-1,9,1735,1735,0,,,,,,1931,1735,0
1849,-1,9,1735,1735,0,,,,,,1931,1735,0
1850,-1,9,1735,1735,0,,,,,,1931,1735,0
1851,-1,9,1735,1735,0,,,,,,1931,1735,0
1852,-1,9,1735,1735,0,,,,,,1931,1735,0
1853,-1,9,1735,1735,0,,,,,,1931,1735,0
1854,-1,9,1735,1735,0,,,,,,1931,1735,0
1855,-1,9,1735,1735,0,,,,,,1931,1735,0
1856,-1,,1735,1735,0,,,,,,1931,1735,0
1857,-1,,1735,1735,0,,,,,,1931,1735,0
1858,-1,,1735,1735,0,,,,,,1931,1735,0
1859,-1,,1735,1735,0,,,,,,1931,1735,0
1860,-1,9,1735,1735,0,,,,,,1931,1735,0
1861,10312,9,1735,1735,0,,,,,,1931,1735,0
1862,23202,9,1735,1735,0,,,,,,1931,1735,0
1863,9138,9,1735,1735,0,,,,,,1931,1735,0
1864,11179,9,1735,1735,0,,,,,,1931,1735,0
1865,-1,,1735,1735,0,,,,,,1931,1735,0
1866,10804,9,1735,1735,0,,,,,,1931,1735,0
1867,5648,9,1735,1735,0,,,,,,1931,1735,0
1868,22852,9,1735,1735,0,,,,,,1931,1735,0
1869,26703,9,1735,1735,0,,,,,,1931,1735,0
1870,6158,9,1735,1735,0,,,,,,1931,1735,0
1871,12315,9,1735,1735,0,,,,,,1931,1735,0
1872,27281,9,1735,1735,0,,,,,,1931,1735,0
1873,18461,9,1735,1735,0,,,,,,1931,1735,0
1874,6238,9,1735,1735,0,,,,,,1931,1735,0
1875,9265,9,1735,1735,0,,,,,,1931,1735,0
1876,0,9,1735,1735,0,,,,,,1931,1735,0
1877,1206,9,1735,1735,0,,,,,,1931,1735,0
1878,5851,9,1735,1735,0,,,,,,1931,1735,0
1879,4791,9,1735,1735,0,,,,,,1931,1735,0
1880,31476,9,1735,1735,0,,,,,,1931,1735,0
1881,3891,9,1735,1735,0,,,,,,1931,1735,0
1882,23275,9,1735,1735,0,,,,,,1931,1735,0
1883,291,9,1735,1735,0,,,,,,1931,1735,0
1884,9623,9,1735,1735,0,,,,,,1931,1735,0
1885,0,9,1735,1735,0,,,,,,1931,1735,0
1886,0,9,1735,1735,0,,,,,,1931,1735,0
1887,164,9,1735,1735,0,,,,,,1931,1735,0
1888,254,9,1735,1735,0,,,,,,1931,1735,0
1889,5452,9,1735,1735,0,,,,,,1931,1735,0
1890,20243,9,1735,1735,0,,,,,,1931,1735,0
1891,11579,9,1735,1735,0,,,,,,1931,1735,0
1892,4019,9,1735,1735,0,,,,,,1931,1735,0
1893,838,9,1735,1735,0,,,,,,1931,1735,0
1894,451,9,1735,1735,0,,,,,,1931,1735,0
1895,3217,9,1735,1735,0,,,,,,1931,1735,0
1896,3789,9,1735,1735,0,,,,,,1931,1735,0
1897,-1,,1735,1735,0,,,,,,1931,1735,0
1898,-1,,1735,1735,0,,,,,,1931,1735,0
1899,-1,9,1735,1735,0,,,,,,1931,1735,0
1900,68,9,1735,1735,0,,,,,,1931,1735,0
1901,1346,9,1735,1735,0,,,,,,1931,1735,0
1902,224,9,1735,1735,0,,,,,,1931,1735,0
1903,1379,9,1735,1735,0,,,,,,1931,1735,0
1904,-1,9,1735,1735,0,,,,,,1931,1735,0
1905,0,9,1735,1735,0,,,,,,1931,1735,0
1906,216,9,1735,1735,0,,,,,,1931,1735,0
1907,248,9,1735,1735,0,,,,,,1931,1735,0
1908,-1,9,1735,1735,0,,,,,,1931,1735,0
1909,406,9,1735,1735,0,,,,,,1931,1735,0
1910,52572,9,1735,1735,0,,,,,,1931,1735,0
1911,7078,9,1735,1735,0,,,,,,1931,1735,0
1912,7039,9,1735,1735,0,,,,,,1931,1735,0
1913,7040,9,1735,1735,0,,,,,,1931,1735,0
1914,7163,9,1735,1735,0,,,,,,1931,1735,0
1915,7180,9,1735,1735,0,,,,,,1931,1735,0
1916,5617,9,1735,1735,0,,,,,,1931,1735,0
1917,10447,9,1735,1735,0,,,,,,1931,1735,0
1918,9907,9,1735,1735,0,,,,,,1931,1735,0
1919,10186,9,1735,1735,0,,,,,,1931,1735,0
1920,10645,9,1735,1735,0,,,,,,1931,1735,0
1921,10997,9,1735,1735,0,,,,,,1931,1735,0
1922,11205,9,1735,1735,0,,,,,,1931,1735,0
1923,10840,9,1735,1735,0,,,,,,1931,1735,0
1924,9072,9,1735,1735,0,,,,,,1931,1735,0
1925,26210,9,1735,1735,0,,,,,,1931,1735,0
1926,4506,9,1735,1735,0,,,,,,1931,1735,0
1927,-1,,1735,1735,0,,,,,,1931,1735,0
1928,13081,9,1735,1735,0,,,,,,1931,1735,0
1929,9390,9,1735,1735,0,,,,,,1931,1735,0
1930,41507,9,1735,1735,0,,,,,,1931,1735,0
1931,50093,9,1735,1735,0,,,,,,1931,1735,0
1932,46175,9,1735,1735,0,,,,,,1931,1735,0
1933,3089,2,,,0,,,,,,1931,0,0
1934,0,9,,,0,,,,,,1931,0,0
1935,2,9,,,0,,,,,,1931,0,0
1936,-1,9,,,0,,,,,,1931,0,0
1937,-1,9,,,0,,,,,,1931,0,0
1938,-1,9,,,0,,,,,,1931,0,0
1939,-1,9,,,0,,,,,,1931,0,0
1940,-1,9,,,0,,,,,,1931,0,0
1941,-1,9,,,0,,,,,,1931,0,0
1942,-1,9,,,0,,,,,,1931,0,0
1943,-1,9,,,0,,,,,,1931,0,0
1944,-1,9,,,0,,,,,,1931,0,0
1945,-1,9,,,0,,,,,,1931,0,0
1946,-1,9,,,0,,,,,,1931,0,0
1947,-1,9,,,0,,,,,,1931,0,0
1948,-1,9,,,0,,,,,,1931,0,0
1949,-1,9,,,0,,,,,,1931,0,0
1950,-1,9,,,0,,,,,,1931,0,0
1951,-1,,,,0,,,,,,1931,0,0
1952,-1,9,,,0,,,,,,1931,0,0
1953,-1,9,,,0,,,,,,1931,0,0
1954,-1,9,,,0,,,,,,1931,0,0
1955,-1,9,,,0,,,,,,1931,0,0
1956,-1,9,,,0,,,,,,1931,0,0
1957,-1,9,,,0,,,,,,1931,0,0
1958,-1,9,,,0,,,,,,1931,0,0
1959,-1,9,,,0,,,,,,1931,0,0
1960,-1,9,,,0,,,,,,1931,0,0
1961,-1,9,,,0,,,,,,1931,0,0
1962,-1,9,,,0,,,,,,1931,0,0
1963,-1,9,,,0,,,,,,1931,0,0
1964,-1,9,,,0,,,,,,1931,0,0
1965,-1,9,,,0,,,,,,1931,0,0
1966,-1,9,,,0,,,,,,1931,0,0
1967,-1,9,,,0,,,,,,1931,0,0
1968,-1,9,,,0,,,,,,1931,0,0
1969,-1,9,,,0,,,,,,1931,0,0
1970,-1,9,,,0,,,,,,1931,0,0
1971,-1,9,,,0,,,,,,1931,0,0
1972,-1,,,,0,,,,,,1931,0,0
1973,-1,9,,,0,,,,,,1931,0,0
1974,-1,,,,0,,,,,,1931,0,0
1975,-1,,,,0,,,,,,1931,0,0
1976,-1,,,,0,,,,,,1931,0,0
1977,-1,,,,0,,,,,,1931,0,0
1978,-1,,,,0,,,,,,1931,0,0
1979,-1,,,,0,,,,,,1931,0,0
1980,-1,,,,0,,,,,,1931,0,0
1981,-1,9,,,0,,,,,,1931,0,0
1982,-1,9,,,0,,,,,,1931,0,0
1983,-1,9,,,0,,,,,,1931,0,0
1984,-1,9,,,0,,,,,,1931,0,0
1985,-1,9,,,0,,,,,,1931,0,0
1986,-1,9,,,0,,,,,,1931,0,0
1987,-1,9,,,0,,,,,,1931,0,0
1988,-1,,,,0,,,,,,1931,0,0
1989,-1,9,,,0,,,,,,1931,0,0
1990,-1,9,,,0,,,,,,1931,0,0
1991,-1,9,,,0,,,,,,1931,0,0
1992,-1,9,,,0,,,,,,1931,0,0
1993,-1,9,,,0,,,,,,1931,0,0
1994,-1,9,,,0,,,,,,1931,0,0
1995,-1,9,,,0,,,,,,1931,0,0
1996,-1,9,,,0,,,,,,1931,0,0
1997,-1,9,,,0,,,,,,1931,0,0
1998,-1,9,,,0,,,,,,1931,0,0
1999,-1,9,,,0,,,,,,1931,0,0
2000,-1,9,,,0,,,,,,1931,0,0
2001,-1,9,,,0,,,,,,1931,0,0
2002,-1,9,,,0,,,,,,1931,0,0
2003,-1,9,,,0,,,,,,1931,0,0
2004,-1,,,,0,,,,,,1931,0,0
2005,-1,9,,,0,,,,,,1931,0,0
2006,-1,,,,0,,,,,,1931,0,0
2007,-1,,,,0,,,,,,1931,0,0
2008,-1,9,,,0,,,,,,1931,0,0
2009,-1,,,,0,,,,,,1931,0,0
2010,-1,,,,0,,,,,,1931,0,0
2011,-1,9,,,0,,,,,,1931,0,0
2012,-1,9,,,0,,,,,,1931,0,0
2013,-1,9,,,0,,,,,,1931,0,0
2014,-1,9,,,0,,,,,,1931,0,0
2015,-1,9,,,0,,,,,,1931,0,0
2016,-1,9,,,0,,,,,,1931,0,0
2017,-1,9,,,0,,,,,,1931,0,0
2018,-1,9,,,0,,,,,,1931,0,0
2019,-1,,,,0,,,,,,1931,0,0
2020,-1,9,,,0,,,,,,1931,0,0
2021,-1,9,,,0,,,,,,1931,0,0
2022,-1,9,,,0,,,,,,1931,0,0
2023,-1,9,,,0,,,,,,1931,0,0
2024,-1,9,,,0,,,,,,1931,0,0
2025,-1,9,,,0,,,,,,1931,0,0
2026,-1,9,,,0,,,,,,1931,0,0
2027,-1,9,,,0,,,,,,1931,0,0
2028,-1,9,,,0,,,,,,1931,0,0
2029,-1,9,,,0,,,,,,1931,0,0
2030,-1,9,,,0,,,,,,1931,0,0
2031,-1,9,,,0,,,,,,1931,0,0
2032,-1,9,,,0,,,,,,1931,0,0
2033,-1,9,,,0,,,,,,1931,0,0
2034,-1,9,,,0,,,,,,1931,0,0
2035,-1,9,,,0,,,,,,1931,0,0
2036,-1,9,,,0,,,,,,1931,0,0
2037,-1,9,,,0,,,,,,1931,0,0
2038,-1,9,,,0,,,,,,1931,0,0
2039,-1,9,,,0,,,,,,1931,0,0
2040,-1,9,,,0,,,,,,1931,0,0
2041,-1,9,,,0,,,,,,1931,0,0
2042,-1,9,,,0,,,,,,1931,0,0
2043,-1,9,,,0,,,,,,1931,0,0
2044,-1,9,,,0,,,,,,1931,0,0
2045,-1,9,,,0,,,,,,1931,0,0
2046,-1,9,,,0,,,,,,1931,0,0
2047,-1,9,,,0,,,,,,1931,0,0
2048,-1,9,,,0,,,,,,1931,0,0
2049,-1,9,,,0,,,,,,1931,0,0
2050,-1,9,,,0,,,,,,1931,0,0
2051,-1,9,,,0,,,,,,1931,0,0
2052,-1,9,,,0,,,,,,1931,0,0
2053,-1,9,,,0,,,,,,1931,0,0
2054,-1,9,,,0,,,,,,1931,0,0
2055,-1,9,,,0,,,,,,1931,0,0
2056,-1,9,,,0,,,,,,1931,0,0
2057,-1,9,,,0,,,,,,1931,0,0
2058,-1,9,,,0,,,,,,1931,0,0
2059,-1,9,,,0,,,,,,1931,0,0
2060,-1,9,,,0,,,,,,1931,0,0
2061,-1,9,,,0,,,,,,1931,0,0
2062,-1,,,,0,,,,,,1931,0,0
2063,-1,9,,,0,,,,,,1931,0,0
2064,-1,9,,,0,,,,,,1931,0,0
2065,-1,9,,,0,,,,,,1931,0,0
2066,-1,9,,,0,,,,,,1931,0,0
2067,-1,9,,,0,,,,,,1931,0,0
2068,-1,9,,,0,,,,,,1931,0,0
2069,-1,9,,,0,,,,,,1931,0,0
2070,-1,,,,0,,,,,,1931,0,0
2071,-1,9,,,0,,,,,,1931,0,0
2072,-1,9,,,0,,,,,,1931,0,0
2073,-1,9,,,0,,,,,,1931,0,0
2074,-1,9,,,0,,,,,,1931,0,0
2075,-1,9,,,0,,,,,,1931,0,0
2076,-1,9,,,0,,,,,,1931,0,0
2077,-1,9,,,0,,,,,,1931,0,0
2078,-1,9,,,0,,,,,,1931,0,0
2079,-1,9,,,0,,,,,,1931,0,0
2080,-1,9,,,0,,,,,,1931,0,0
2081,-1,9,,,0,,,,,,1931,0,0
2082,-1,9,,,0,,,,,,1931,0,0
2083,-1,9,,,0,,,,,,1931,0,0
2084,-1,9,,,0,,,,,,1931,0,0
2085,-1,9,,,0,,,,,,1931,0,0
2086,-1,9,,,0,,,,,,1931,0,0
2087,-1,9,,,0,,,,,,1931,0,0
2088,-1,9,,,0,,,,,,1931,0,0
2089,-1,9,,,0,,,,,,1931,0,0
2090,-1,9,,,0,,,,,,1931,0,0
2091,-1,,,,0,,,,,,1931,0,0
2092,-1,9,,,0,,,,,,1931,0,0
2093,-1,9,,,0,,,,,,1931,0,0
2094,-1,9,,,0,,,,,,1931,0,0
2095,-1,,,,0,,,,,,1931,0,0
2096,-1,9,,,0,,,,,,1931,0,0
2097,-1,9,,,0,,,,,,1931,0,0
2098,-1,,,,0,,,,,,1931,0,0
2099,-1,9,,,0,,,,,,1931,0,0
2100,-1,9,,,0,,,,,,1931,0,0
2101,-1,9,,,0,,,,,,1931,0,0
2102,-1,9,,,0,,,,,,1931,0,0
2103,-1,9,,,0,,,,,,1931,0,0
2104,-1,9,,,0,,,,,,1931,0,0
2105,-1,9,,,0,,,,,,1931,0,0
2106,-1,9,,,0,,,,,,1931,0,0
2107,-1,9,,,0,,,,,,1931,0,0
2108,-1,9,,,0,,,,,,1931,0,0
2109,-1,9,,,0,,,,,,1931,0,0
2110,-1,9,,,0,,,,,,1931,0,0
2111,-1,9,,,0,,,,,,1931,0,0
2112,-1,9,,,0,,,,,,1931,0,0
2113,-1,9,,,0,,,,,,1931,0,0
2114,-1,9,,,0,,,,,,1931,0,0
2115,-1,9,,,0,,,,,,1931,0,0
2116,-1,9,,,0,,,,,,1931,0,0
2117,-1,9,,,0,,,,,,1931,0,0
2118,-1,9,,,0,,,,,,1931,0,0
2119,-1,9,,,0,,,,,,1931,0,0
2120,-1,9,,,0,,,,,,1931,0,0
2121,-1,9,,,0,,,,,,1931,0,0
2122,-1,9,,,0,,,,,,1931,0,0
2123,-1,9,,,0,,,,,,1931,0,0
2124,-1,9,,,0,,,,,,1931,0,0
2125,-1,9,,,0,,,,,,1931,0,0
2126,-1,9,,,0,,,,,,1931,0,0
2127,-1,,,,0,,,,,,1931,0,0
2128,-1,,,,0,,,,,,1931,0,0
2129,-1,,,,0,,,,,,1931,0,0
2130,-1,9,,,0,,,,,,1931,0,0
2131,-1,9,,,0,,,,,,1931,0,0
2132,-1,9,,,0,,,,,,1931,0,0
2133,-1,9,,,0,,,,,,1931,0,0
2134,-1,9,,,0,,,,,,1931,0,0
2135,-1,9,,,0,,,,,,1931,0,0
2136,-1,9,,,0,,,,,,1931,0,0
2137,-1,9,,,0,,,,,,1931,0,0
2138,-1,9,,,0,,,,,,1931,0,0
2139,-1,9,,,0,,,,,,1931,0,0
2140,-1,9,,,0,,,,,,1931,0,0
2141,-1,9,,,0,,,,,,1931,0,0
2142,-1,9,,,0,,,,,,1931,0,0
2143,-1,9,,,0,,,,,,1931,0,0
2144,-1,9,,,0,,,,,,1931,0,0
2145,-1,9,,,0,,,,,,1931,0,0
2146,-1,9,,,0,,,,,,1931,0,0
2147,-1,9,,,0,,,,,,1931,0,0
2148,-1,9,,,0,,,,,,1931,0,0
2149,-1,9,,,0,,,,,,1931,0,0
2150,-1,9,,,0,,,,,,1931,0,0
2151,-1,9,,,0,,,,,,1931,0,0
2152,-1,9,,,0,,,,,,1931,0,0
2153,-1,9,,,0,,,,,,1931,0,0
2154,-1,9,,,0,,,,,,1931,0,0
2155,-1,,,,0,,,,,,1931,0,0
2156,-1,9,,,0,,,,,,1931,0,0
2157,-1,9,,,0,,,,,,1931,0,0
2158,-1,9,,,0,,,,,,1931,0,0
2159,-1,9,,,0,,,,,,1931,0,0
2160,-1,9,,,0,,,,,,1931,0,0
2161,-1,9,,,0,,,,,,1931,0,0
2162,-1,9,,,0,,,,,,1931,0,0
2163,-1,9,,,0,,,,,,1931,0,0
2164,-1,cosmic,,,0,,,,,,1931,0,0
2165,-1,cosmic,,,0,,,,,,1931,0,0
2166,-1,cosmic,,,0,,,,,,1931,0,0
2167,-1,cosmic,,,0,,,,,,1931,0,0
2168,-1,9,,,0,,,,,,1931,0,0
2169,-1,9,,,0,,,,,,1931,0,0
2170,-1,9,,,0,,,,,,1931,0,0
2171,-1,9,,,0,,,,,,1931,0,0
2172,-1,9,,,0,,,,,,1931,0,0
2173,-1,9,,,0,,,,,,1931,0,0
2174,0,9,2174,2174,0,,,,,306.07,2253,2174,0
2175,1,9,2174,2174,0,,,,,306.07,2253,2174,0
2176,1,9,2174,2174,0,,,,,306.07,2253,2174,0
2177,-1,,2174,2174,0,,,,,306.07,2253,2174,0
2178,735,9,2174,2174,0,,,,,306.07,2253,2174,0
2179,7734,8,2174,2174,0,,,,,306.07,2253,2174,0
2180,-1,,2174,2174,0,,,,,306.07,2253,2174,0
2181,4819,8,2174,2174,0,,,,,306.07,2253,2174,0
2182,4886,8,2174,2174,0,,,,,306.07,2253,2174,0
2183,14887,8,2174,2174,0,,,,,306.07,2253,2174,0
2184,20763,8,2174,2174,0,,,,,306.07,2253,2174,0
2185,29822,8,2174,2174,0,,,,,306.07,2253,2174,0
2186,7339,8,2174,2174,0,,,,,306.0379376,2253,2174,0
2187,3826,,2174,2174,0,,,,,306.0399504,2253,2174,0
2188,-1,,2174,2174,0,,,,,306.07,2253,2174,0
2189,11308,8,2174,2174,0,,,,,306.0368785,2253,2174,0
2190,6035,,2174,2174,0,,,,,306.0348093,2253,2174,0
2191,14840,,2174,2174,0,,,,,306.0366665,2253,2174,0
2192,11439,,2174,2174,0,,,,,306.0336945,2253,2174,0
2193,8057,2,2174,2174,0,,,,,306.0387037,2253,2174,0
2194,12423,,2174,2174,0,,,,,306.0411433,2253,2174,0
2195,0,9,2174,2174,0,,,,,306.07,2253,2174,0
2196,0,9,2174,2174,0,,,,,306.07,2253,2174,0
2197,0,9,2174,2174,0,,,,,306.07,2253,2174,0
2198,0,9,2174,2174,0,,,,,306.07,2253,2174,0
2199,260,9,2174,2174,0,,,,,305.842366,2253,2174,0
2200,66,9,2174,2174,0,,,,,305.9987621,2253,2174,0
2201,3486,3,2174,2174,0,,,,,306.0471121,2253,2174,0
2202,1105,3,2174,2174,0,,,,,306.0686376,2253,2174,0
2203,779,3,2174,2174,0,,,,,306.1026463,2253,2174,0
2204,0,3,2174,2174,0,,,,,306.07,2253,2174,0
2205,0,9,2174,2174,0,,,,,306.07,2253,2174,0
2206,4985,3,2174,2174,0,,,,,306.07,2253,2174,0
2207,252,7,2174,2174,0,,,,,306.07,2253,2174,0
2208,0,3,2174,2174,0,,,,,306.07,2253,2174,0
2209,0,,2174,2174,0,,,,,306.07,2253,2174,0
2210,10615,,2174,2174,0,,,,,306.0592245,2253,2174,0
2211,-1,,2174,2174,0,,,,,306.07,2253,2174,0
2212,-1,,2174,2174,0,,,,,306.07,2253,2174,0
2213,-1,,2174,2174,0,,,,,306.07,2253,2174,0
2214,-1,,2174,2174,0,,,,,306.07,2253,2174,0
2215,-1,,2174,2174,0,,,,,306.07,2253,2174,0
2216,-1,,2174,2174,0,,,,,306.07,2253,2174,0
2217,-1,,2174,2174,0,,,,,306.07,2253,2174,0
2218,-1,,2174,2174,0,,,,,306.07,2253,2174,0
2219,1647,9,2174,2174,0,,,,,306.0603805,2253,2174,0
2220,2010,9,2174,2174,0,,,,,306.0532677,2253,2174,0
2221,-1,,2174,2174,0,,,,,306.07,2253,2174,0
2222,0,7,2174,2174,0,,,,,306.07,2253,2174,0
2223,3085,7,2174,2174,0,,,,,306.0547102,2253,2174,0
2224,261,,2174,2174,0,,,,,306.1158781,2253,2174,0
2225,2095,1,2174,2174,0,,,,,306.0655927,2253,2174,0
2226,8502,9,2174,2174,0,,,,,306.0549654,2253,2174,0
2227,1543,7,2174,2174,0,,,,,306.0729504,2253,2174,0
2228,0,7,2174,2174,0,,,,,306.1,2253,2174,0
2229,1,7,2174,2174,0,,,,,306.1,2253,2174,0
2230,0,7,2174,2174,0,,,,,306.1,2253,2174,0
2231,1052,3,2174,2174,0,,,,,306.1167199,2253,2174,0
2232,4114,3,2174,2174,0,,,,,306.0565108,2253,2174,0
2233,2113,3,2174,2174,0,,,,,306.0803173,2253,2174,0
2234,13730,3,2174,2174,0,,,,,306.0700424,2253,2174,0
2235,3573,1,2174,2174,0,,,,,306.0847341,2253,2174,0
2236,3142,1,2174,2174,0,,,,,306.0611692,2253,2174,0
2237,2101,1,2174,2174,0,,,,,306.0671937,2253,2174,0
2238,18193,1,2174,2174,0,,,,,306.0752348,2253,2174,0
2239,0,7,2174,2174,0,,,,,306.1,2253,2174,0
2240,13635,1,2174,2174,0,,,,,306.0662371,2253,2174,0
2241,20986,1,2174,2174,0,,,,,306.0695707,2253,2174,0
2242,9650,1,2174,2174,0,,,,,306.066628,2253,2174,0
2243,49150,1,2174,2174,0,,,,,306.0715441,2253,2174,0
2244,2950,2,2174,2174,0,,,,,306.0751546,2253,2174,0
2245,8123,1,2174,2174,0,,,,,306.0726251,2253,2174,0
2246,22150,1,2174,2174,0,,,,,306.0659719,2253,2174,0
2247,14994,1,2174,2174,0,,,,,306.0699472,2253,2174,0
2248,9229,,2174,2174,0,,,,,306.0687354,2253,2174,0
2249,2054,,2174,2174,0,,,,,306.0552099,2253,2174,0
2250,56941,1,2174,2174,0,,,,,306.0705367,2253,2174,0
2251,79481,1,2174,2174,0,,,,,306.070634,2253,2174,0
2252,0,7,2174,2174,0,,,,,306.1,2253,2174,0
2253,82143,1,2174,2174,0,,,,,306.0665784,2253,2174,0
2254,4389,7,2174,2174,0,,,,,306.0660949,2253,2174,0
2255,75972,1,2174,2174,0,,,,,306.0689467,2253,2174,0
2256,76840,1,2174,2174,0,,,,,306.0719011,2253,2174,0
2257,71064,1,2174,2174,0,,,,,306.0777404,2253,2174,0
2258,68663,1,2174,2174,0,,,,,306.0771416,2253,2174,0
2259,0,7,2174,2174,0,,,,,306.07,2253,2174,0
2260,256,,2174,2174,0,,,,,306.0575784,2253,2174,0
2261,75385,1,2174,2174,0,,,,,306.0783626,2253,2174,0
2262,70700,1,2174,2174,0,,,,,306.0783929,2253,2174,0
2263,11347,2,2174,2174,0,,,,,306.0847328,2253,2174,0
2264,76854,1,2174,2174,0,,,,,306.0815455,2253,2174,0
2265,4548,1,2174,2174,0,,,,,306.0820396,2253,2174,0
2266,3026,7,2174,2174,0,,,,,306.08958,2253,2174,0
2267,37014,1,2174,2174,0,,,,,306.0879992,2253,2174,0
2268,-1,,2174,2174,0,,,,,306.07,2253,2174,0
2269,-1,,2174,2174,0,,,,,306.07,2253,2174,0
2270,113489,1,2174,2174,0,,,,,306.0793557,2253,2174,0
2271,53254,1,2174,2174,0,,,,,306.0774884,2253,2174,0
2272,110162,1,2174,2174,0,,,,,306.0735592,2253,2174,0
2273,86832,1,2174,2174,0,,,,,306.0789446,2253,2174,0
2274,111436,1,2174,2174,0,,,,,306.0792713,2253,2174,0
2275,74554,1,2174,2174,0,,,,,306.0822946,2253,2174,0
2276,82858,1,2174,2174,0,,,,,306.0871517,2253,2174,0
2277,64634,,2174,2174,0,,,,,306.0899413,2253,2174,0
2278,-1,,2174,2174,0,,,,,306.07,2253,2174,0
2279,-1,,2174,2174,0,,,,,306.07,2253,2174,0
2280,-1,9,2174,2174,0,,,,,306.07,2253,2174,0
2281,-1,9,2174,2174,0,,,,,306.07,2253,2174,0
2282,-1,9,2174,2174,0,,,,,306.07,2253,2174,0
2283,80415,1,2174,2174,0,,,,,306.0971146,2253,2174,0
2284,87900,1,2174,2174,0,,,,,306.1028732,2253,2174,0
2285,5173,1,2174,2174,0,,,,,306.1002103,2253,2174,0
2286,12278,1,2174,2174,0,,,,,306.1053298,2253,2174,0
2287,815,7,2174,2174,0,,,,,306.0906309,2253,2174,0
2288,14466,1,2174,2174,0,,,,,306.0983578,2253,2174,0
2289,12718,1,2174,2174,0,,,,,306.1057781,2253,2174,0
2290,13877,2,2174,2174,0,,,,,306.0982835,2253,2174,0
2291,30560,1,2174,2174,0,,,,,306.0998351,2253,2174,0
2292,77763,1,2174,2174,0,,,,,306.1049037,2253,2174,0
2293,22412,1,2174,2174,0,,,,,306.1078977,2253,2174,0
2294,35911,1,2174,2174,0,,,,,306.106783,2253,2174,0
2295,501,7,2174,2174,0,,,,,306.0623387,2253,2174,0
2296,542,7,2174,2174,0,,,,,306.1555298,2253,2174,0
2297,13909,7,2174,2174,0,,,,,306.1011999,2253,2174,0
2298,5640,7,2174,2174,0,,,,,306.1022527,2253,2174,0
2299,6259,1,2174,2174,0,,,,,306.1052416,2253,2174,0
2300,1384,7,2174,2174,0,,,,,306.1004297,2253,2174,0
2301,24851,7,2174,2174,0,,,,,306.1078292,2253,2174,0
2302,-1,,2174,2174,0,,,,,306.07,2253,2174,0
2303,3257,7,2174,2174,0,,,,,306.1102628,2253,2174,0
2304,60199,7,2174,2174,0,,,,,306.1105228,2253,2174,0
2305,0,7,2174,2174,0,,,,,306.07,2253,2174,0
2306,74860,1,2174,2174,0,,,,,306.1063086,2253,2174,0
2307,2061,7,2174,2174,0,,,,,306.074842,2253,2174,0
2308,30,7,2174,2174,0,,,,,306.07,2253,2174,0
2309,12,7,2174,2174,0,,,,,306.07,2253,2174,0
2310,75371,1,2174,2174,0,,,,,306.1077957,2253,2174,0
2311,93435,1,2174,2174,0,,,,,306.1059673,2253,2174,0
2312,25858,7,2174,2174,0,,,,,306.1111366,2253,2174,0
2313,0,7,2174,2174,0,,,,,306.07,2253,2174,0
2314,79031,1,2174,2174,0,,,,,306.1105678,2253,2174,0
2315,78086,1,2174,2174,0,,,,,306.1150677,2253,2174,0
2316,83356,,2174,2174,0,,,,,306.1108654,2253,2174,0
2317,2499,7,2174,2174,0,,,,,306.072592,2253,2174,0
2318,6029,7,2174,2174,0,,,,,306.0970548,2253,2174,0
2319,-1,,2174,2174,0,,,,,306.07,2253,2174,0
2320,52084,1,2174,2174,0,,,,,306.1135499,2253,2174,0
2321,8388,2,2174,2174,0,,,,,306.1314646,2253,2174,0
2322,73227,1,2174,2174,0,,,,,306.125692,2253,2174,0
2323,74409,1,2174,2174,0,,,,,306.1262608,2253,2174,0
2324,100162,1,2174,2174,0,,,,,306.1271745,2253,2174,0
2325,93024,1,2174,2174,0,,,,,306.1270554,2253,2174,0
2326,109506,1,2174,2174,0,,,,,306.1277223,2253,2174,0
2327,0,,2174,2174,0,,,,,306.07,2253,2174,0
2328,0,,2174,2174,0,,,,,306.07,2253,2174,0
2329,0,1,2174,2174,0,,,,,306.07,2253,2174,0
2330,-1,,2174,2174,0,,,,,306.07,2253,2174,0
2331,98879,1,2174,2174,0,,,,,306.1325288,2253,2174,0
2332,99980,1,2174,2174,0,,,,,306.1315552,2253,2174,0
2333,104823,1,2174,2174,0,,,,,306.1356514,2253,2174,0
2334,99410,1,2174,2174,0,,,,,306.1382459,2253,2174,0
2335,100424,1,2174,2174,0,,,,,306.1407519,2253,2174,0
2336,100753,1,2174,2174,0,,,,,306.1448518,2253,2174,0
2337,98888,1,2174,2174,0,,,,,306.1439949,2253,2174,0
2338,4294,7,2174,2174,0,,,,,306.1359016,2253,2174,0
2339,-1,,2174,2174,0,,,,,306.07,2253,2174,0
2340,99774,1,2174,2174,0,,,,,306.1479482,2253,2174,0
2341,100508,1,2174,2174,0,,,,,306.1515427,2253,2174,0
2342,35888,,2174,2174,0,,,,,306.1525752,2253,2174,0
2343,0,,2174,2174,0,,,,,306.07,2253,2174,0
2344,0,,2174,2174,0,,,,,306.07,2253,2174,0
2345,1,7,2174,2174,0,,,,,306.07,2253,2174,0
2346,777,7,2174,2174,0,,,,,306.181641,2253,2174,0
2347,0,7,2174,2174,0,,,,,306.07,2253,2174,0
2348,664,7,2174,2174,0,,,,,306.1337837,2253,2174,0
2349,9416,2,2174,2174,0,,,,,306.1568803,2253,2174,0
2350,-1,,2174,2174,0,,,,,306.07,2253,2174,0
2351,-1,,2174,2174,0,,,,,306.07,2253,2174,0
2352,-1,,2174,2174,0,,,,,306.07,2253,2174,0
2353,-1,,2174,2174,0,,,,,306.07,2253,2174,0
2354,-1,,2174,2174,0,,,,,306.07,2253,2174,0
2355,-1,,2174,2174,0,,,,,306.07,2253,2174,0
2356,-1,,2174,2174,0,,,,,306.07,2253,2174,0
2357,-1,,2174,2174,0,,,,,306.07,2253,2174,0
2358,-1,,2174,2174,0,,,,,306.07,2253,2174,0
2359,-1,,2174,2174,0,,,,,306.07,2253,2174,0
2360,-1,,2174,2174,0,,,,,306.07,2253,2174,0
2361,-1,,2174,2174,0,,,,,306.07,2253,2174,0
2362,97783,1,2174,2174,0,,,,,306.1540332,2253,2174,0
2363,98388,1,2174,2174,0,,,,,306.1570463,2253,2174,0
2364,100971,1,2174,2174,0,,,,,306.1613547,2253,2174,0
2365,-1,,2174,2174,0,,,,,306.07,2253,2174,0
2366,-1,,2174,2174,0,,,,,306.07,2253,2174,0
2367,0,7,2174,2174,0,,,,,306.07,2253,2174,0
2368,109275,1,2174,2174,0,,,,,306.1599561,2253,2174,0
2369,105066,1,2174,2174,0,,,,,306.1638806,2253,2174,0
2370,92089,1,2174,2174,0,,,,,306.1662754,2253,2174,0
2371,89479,1,2174,2174,0,,,,,306.1644418,2253,2174,0
2372,115113,1,2174,2174,0,,,,,306.1664099,2253,2174,0
2373,92377,1,2174,2174,0,,,,,306.1584281,2253,2174,0
2374,107419,1,2174,2174,0,,,,,306.1596118,2253,2174,0
2375,109628,1,2174,2174,0,,,,,306.1610242,2253,2174,0
2376,118292,1,2174,2174,0,,,,,306.1682926,2253,2174,0
2377,-1,,2174,2174,0,,,,,306.07,2253,2174,0
2378,34329,1,2174,2174,0,,,,,306.1673071,2253,2174,0
2379,95112,1,2174,2174,0,,,,,306.1636253,2253,2174,0
2380,28465,1,2174,2174,0,,,,,306.1664369,2253,2174,0
2381,98063,1,2174,2174,0,,,,,306.1686914,2253,2174,0
2382,82411,1,2174,2174,0,,,,,306.173863,2253,2174,0
2383,81165,1,2174,2174,0,,,,,306.17981,2253,2174,0
2384,96686,1,2174,2174,0,,,,,306.178927,2253,2174,0
2385,103278,1,2174,2174,0,,,,,306.177859,2253,2174,0
2386,102155,1,2174,2174,0,,,,,306.178869,2253,2174,0
2387,103636,1,2174,2174,0,,,,,306.182958,2253,2174,0
2388,94414,1,2174,2174,0,,,,,306.180449,2253,2174,0
2389,97055,1,2174,2174,0,,,,,306.186315,2253,2174,0
2390,93277,1,2174,2174,0,,,,,306.186772,2253,2174,0
2391,87152,1,2174,2174,0,,,,,306.194127,2253,2174,0
2392,97930,1,2174,2174,0,,,,,306.191831,2253,2174,0
2393,91605,1,2174,2174,0,,,,,306.196329,2253,2174,0
2394,85309,1,2174,2174,0,,,,,306.196948,2253,2174,0
2395,89201,1,2174,2174,0,,,,,306.199583,2253,2174,0
2396,89601,1,2174,2174,0,,,,,306.222963,2253,2174,0
2397,87065,1,2174,2174,0,,,,,306.217333,2253,2174,0
2398,83530,1,2174,2174,0,,,,,306.220064,2253,2174,0
2399,90695,1,2174,2174,0,,,,,306.211995,2253,2174,0
2400,73091,1,2174,2174,0,,,,,306.216504,2253,2174,0
2401,65587,1,2174,2174,0,,,,,306.201336,2253,2174,0
2402,20968,1,2174,2174,0,,,,,306.207256,2253,2174,0
2403,3652,7,2174,2174,0,,,,,306.192666,2253,2174,0
2404,3,7,2174,2174,0,,,,,306.07,2253,2174,0
2405,0,7,2174,2174,0,,,,,306.07,2253,2174,0
2406,95539,1,2174,2174,0,,,,,306.220751,2253,2174,0
2407,91283,1,2174,2174,0,,,,,306.222906,2253,2174,0
2408,29897,1,2174,2174,0,,,,,306.219199,2253,2174,0
2409,0,1,2174,2174,0,,,,,306.07,2253,2174,0
2410,0,,2174,2174,0,,,,,306.07,2253,2174,0
2411,0,1,2174,2174,0,,,,,306.07,2253,2174,0
2412,0,,2174,2174,0,,,,,306.07,2253,2174,0
2413,0,7,2174,2174,0,,,,,306.07,2253,2174,0
2414,0,7,2174,2174,0,,,,,306.07,2253,2174,0
2415,0,1,2174,2174,0,,,,,306.07,2253,2174,0
2416,0,,2174,2174,0,,,,,306.07,2253,2174,0
2417,0,1,2174,2174,0,,,,,306.07,2253,2174,0
2418,-1,,2174,2174,0,,,,,306.07,2253,2174,0
2419,-1,,2174,2174,0,,,,,306.07,2253,2174,0
2420,16989,1,2174,2174,0,,,,,306.232676,2253,2174,0
2421,-1,,2174,2174,0,,,,,306.07,2253,2174,0
2422,89427,1,2174,2174,0,,,,,306.239171,2253,2174,0
2423,0,1,2174,2174,0,,,,,306.07,2253,2174,0
2424,82413,1,2174,2174,0,,,,,306.237613,2253,2174,0
2425,81518,1,2174,2174,0,,,,,306.238882,2253,2174,0
2426,72013,1,2174,2174,0,,,,,306.241635,2253,2174,0
2427,58075,1,2174,2174,0,,,,,306.233775,2253,2174,0
2428,11574,1,2174,2174,0,,,,,306.224043,2253,2174,0
2429,19642,1,2174,2174,0,,,,,306.232046,2253,2174,0
2430,1100,7,2174,2174,0,,,,,306.281695,2253,2174,0
2431,86869,1,2174,2174,0,,,,,306.245381,2253,2174,0
2432,67794,1,2174,2174,0,,,,,306.246918,2253,2174,0
2433,67950,1,2174,2174,0,,,,,306.239143,2253,2174,0
2434,66740,1,2174,2174,0,,,,,306.246767,2253,2174,0
2435,8568,2,2174,2174,0,,,,,306.209941,2253,2174,0
2436,0,7,2174,2174,0,,,,,306.07,2253,2174,0
2437,68906,1,2174,2174,0,,,,,306.245687,2253,2174,0
2438,68047,1,2174,2174,0,,,,,306.248563,2253,2174,0
2439,80613,1,2174,2174,0,,,,,306.241741,2253,2174,0
2440,75262,1,2174,2174,0,,,,,306.243021,2253,2174,0
2441,686,7,2174,2174,0,,,,,305.9902122,2253,2174,0
2442,73984,1,2174,2174,0,,,,,306.326458,2253,2174,0
2443,35511,,2174,2174,0,,,,,306.328334,2253,2174,0
2444,3490,,2174,2174,0,,,,,306.309635,2253,2174,0
2445,998,,2174,2174,0,,,,,306.703647,2253,2174,0
2446,-1,,2174,2174,0,,,,,306.07,2253,2174,0
2447,-1,,2174,2174,0,,,,,306.07,2253,2174,0
2448,-1,,2174,2174,0,,,,,306.07,2253,2174,0
2449,3669,,2174,2174,0,,,,,306.380785,2253,2174,0
2450,2001,7,2174,2174,0,,,,,306.336456,2253,2174,0
2451,657,7,2174,2174,0,,,,,306.224983,2253,2174,0
2452,0,7,2174,2174,0,,,,,306.07,2253,2174,0
2453,62533,1,2174,2174,0,,,,,306.336131,2253,2174,0
2454,30900,1,2174,2174,0,,,,,306.339889,2253,2174,0
2455,7144,7,2174,2174,0,,,,,306.512752,2253,2174,0
2456,65310,1,2174,2174,0,,,,,306.31283,2253,2174,0
2457,0,,2174,2174,0,,,,,306.07,2253,2174,0
2458,635,7,2174,2174,0,,,,,306.355359,2253,2174,0
2459,2324,7,2174,2174,0,,,,,306.629177,2253,2174,0
2460,83223,1,2174,2174,0,,,,,306.316233,2253,2174,0
2461,66507,1,2174,2174,0,,,,,306.321158,2253,2174,0
2462,73588,1,2174,2174,0,,,,,306.322073,2253,2174,0
2463,85787,1,2174,2174,0,,,,,306.309303,2253,2174,0
2464,10485,2,2174,2174,0,,,,,306.296622,2253,2174,0
2465,-1,9,2174,2174,0,,,,,306.07,2253,2174,0
2466,-1,9,2174,2174,0,,,,,306.07,2253,2174,0
2467,1069,,2174,2174,0,,,,,306.416162,2253,2174,0
2468,50170,1,2174,2174,0,,,,,306.332477,2253,2174,0
2469,49018,1,2174,2174,0,,,,,306.315446,2253,2174,0
2470,49981,1,2174,2174,0,,,,,306.329904,2253,2174,0
2471,16643,,2174,2174,0,,,,,306.715266,2253,2174,0
2472,2172,1,2174,2174,0,,,,,306.420096,2253,2174,0
2473,4619,1,2174,2174,0,,,,,306.556823,2253,2174,0
2474,1441,1,2174,2174,0,,,,,306.495439,2253,2174,0
2475,5526,,2174,2174,0,,,,,306.614094,2253,2174,0
2476,3055,,2174,2174,0,,,,,307.02517,2253,2174,0
2477,41103,1,2174,2174,0,,,,,306.349037,2253,2174,0
2478,40017,1,2174,2174,0,,,,,306.359673,2253,2174,0
2479,4771,,2174,2174,0,,,,,306.260859,2253,2174,0
2480,69716,1,2174,2174,0,,,,,306.32596,2253,2174,0
2481,3572,,2174,2174,0,,,,,306.326939,2253,2174,0
2482,29722,1,2174,2174,0,,,,,306.403897,2253,2174,0
2483,29991,1,2174,2174,0,,,,,306.320206,2253,2174,0
2484,1823,1,2174,2174,0,,,,,306.1331948,2253,2174,0
2485,1443,1,2174,2174,0,,,,,306.797217,2253,2174,0
2486,351,,2174,2174,0,,,,,306.237065,2253,2174,0
2487,991,7,2174,2174,0,,,,,306.566915,2253,2174,0
2488,0,,2174,2174,0,,,,,306.07,2253,2174,0
2489,-1,,2174,2174,0,,,,,306.07,2253,2174,0
2490,-1,,2174,2174,0,,,,,306.07,2253,2174,0
2491,-1,,2174,2174,0,,,,,306.07,2253,2174,0
2492,790,7,2174,2174,0,,,,,305.945396,2253,2174,0
2493,1058,7,2174,2174,0,,,,,306.347481,2253,2174,0
2494,6331,7,2174,2174,0,,,,,306.388927,2253,2174,0
2495,369,7,2174,2174,0,,,,,306.177503,2253,2174,0
2496,688,7,2174,2174,0,,,,,306.1043255,2253,2174,0
2497,73314,1,2174,2174,0,,,,,306.32523,2253,2174,0
2498,-1,,2174,2174,0,,,,,306.07,2253,2174,0
2499,-1,,2174,2174,0,,,,,306.07,2253,2174,0
2500,4285,7,2174,2174,0,,,,,306.253804,2253,2174,0
2501,68001,1,2174,2174,0,,,,,306.322243,2253,2174,0
2502,66509,1,2174,2174,0,,,,,306.346322,2253,2174,0
2503,66072,1,2174,2174,0,,,,,306.331229,2253,2174,0
2504,8465,2,2174,2174,0,,,,,306.489308,2253,2174,0
2505,61957,1,2174,2174,0,,,,,306.331191,2253,2174,0
2506,56491,1,2174,2174,0,,,,,306.333546,2253,2174,0
2507,54770,1,2174,2174,0,,,,,306.343114,2253,2174,0
2508,63047,1,2174,2174,0,,,,,306.334363,2253,2174,0
2509,44075,1,2174,2174,0,,,,,306.335089,2253,2174,0
2510,0,,,,0,,,,,,2253,0,0
2511,-1,,,,0,,,,,,2253,0,0
2512,-1,,,,0,,,,,,2253,0,0
2513,0,7,,,0,,,,,,2253,0,0
2514,0,7,,,0,,,,,,2253,0,0
2515,0,7,,,0,,,,,,2253,0,0
2516,184,7,,,0,,,,,,2253,0,0
2517,0,7,,,0,,,,,,2253,0,0
2518,92,7,,,0,,,,,,2253,0,0
2519,405,2,2509,2509,0,,,,,305.9,2253,2509,0
2520,100841,,2509,2509,0,,,,,305.9,2562,2509,0
2521,20901,,2509,2509,0,,,,,305.9,2562,2509,0
2522,212973,,2509,2509,0,,,,,305.9,2562,2509,0
2523,11138,,2509,2509,0,,,,,305.9,2562,2509,0
2524,20404,,2509,2509,0,,,,,305.9,2562,2509,0
2525,20475,,2509,2509,0,,,,,305.9,2562,2509,0
2526,13023,8,2509,2509,0,,,,,305.9,2562,2509,0
2527,0,8,2509,2509,0,,,,,305.9,2562,2509,0
2528,0,8,2509,2509,0,,,,,305.9,2562,2509,0
2529,3866,8,2509,2509,0,,,,,305.9,2562,2509,0
2530,0,7,2509,2509,0,,,,,305.9,2562,2509,0
2531,0,7,2509,2509,0,,,,,305.9,2562,2509,0
2532,0,7,2509,2509,0,,,,,305.9,2562,2509,0
2533,0,7,2509,2509,0,,,,,305.9,2562,2509,0
2534,3745,7,2509,2509,0,,,,,305.9,2562,2509,0
2535,1114,7,2509,2509,0,,,,,305.9,2562,2509,0
2536,47241,7,2509,2509,0,,,,,305.9,2562,2509,0
2537,-1,,2509,2509,0,,,,,305.9,2562,2509,0
2538,-1,,2509,2509,0,,,,,305.9,2562,2509,0
2539,-1,,2509,2509,0,,,,,305.9,2562,2509,0
2540,270,7,2509,2509,0,,,,,305.9,2562,2509,0
2541,217,,2509,2509,0,,,,,305.9,2562,2509,0
2542,54441,1,2509,2509,0,,,,,305.9,2562,2509,0
2543,60097,1,2509,2509,0,,,,,305.9,2562,2509,0
2544,53322,1,2509,2509,0,,,,,305.9,2562,2509,0
2545,13483,2,2509,2509,0,,,,,305.9,2562,2509,0
2546,60455,1,2509,2509,0,,,,,305.9,2562,2509,0
2547,52712,1,2509,2509,0,,,,,305.9,2562,2509,0
2548,4585,1,2509,2509,0,,,,,305.9,2562,2509,0
2549,9718,,2509,2509,0,,,,,305.9,2562,2509,0
2550,74473,1,2509,2509,0,,,,,305.9,2562,2509,0
2551,34962,1,2509,2509,0,,,,,305.9,2562,2509,0
2552,66544,1,2509,2509,0,,,,,305.9,2562,2509,0
2553,72778,1,2509,2509,0,,,,,305.9,2562,2509,0
2554,90841,1,2509,2509,0,,,,,305.9,2562,2509,0
2555,80018,1,2509,2509,0,,,,,305.9,2562,2509,0
2556,87618,1,2509,2509,0,,,,,305.9,2562,2509,0
2557,78171,1,2509,2509,0,,,,,305.9,2562,2509,0
2558,73866,1,2509,2509,0,,,,,305.9,2562,2509,0
2559,66874,1,2509,2509,0,,,,,305.9,2562,2509,0
2560,91907,1,2509,2509,0,,,,,305.9,2562,2509,0
2561,-1,,2509,2509,0,,,,,305.9,2562,2509,0
2562,92098,1,2509,2509,0,,,,,305.9,2562,2509,0
2563,81895,1,2509,2509,0,,,,,305.9,2562,2509,0
2564,78572,1,2509,2509,0,,,,,305.9,2562,2509,0
2565,78840,1,2509,2509,0,,,,,305.9,2562,2509,0
2566,97396,1,2509,2509,0,,,,,305.9,2562,2509,0
2567,93625,1,2509,2509,0,,,,,305.9,2562,2509,0
2568,99304,1,2509,2509,0,,,,,305.9,2562,2509,0
2569,104663,1,2509,2509,0,,,,,305.9,2562,2509,0
2570,106777,1,2509,2509,0,,,,,305.9,2562,2509,0
2571,101007,1,2509,2509,0,,,,,305.9,2562,2509,0
2572,102786,1,2509,2509,0,,,,,305.9,2562,2509,0
2573,13232,1,2509,2509,0,,,,,305.9,2562,2509,0
2574,92461,1,2509,2509,0,,,,,305.9,2562,2509,0
2575,91023,1,2509,2509,0,,,,,305.9,2562,2509,0
2576,12956,2,2509,2509,0,,,,,305.9,2562,2509,0
2577,288,7,2509,2509,0,,,,,305.9,2562,2509,0
2578,89597,1,2509,2509,0,,,,,305.9,2562,2509,0
2579,92265,1,2509,2509,0,,,,,305.9,2562,2509,0
2580,94913,1,2509,2509,0,,,,,305.9,2562,2509,0
2581,94486,1,2509,2509,0,,,,,305.9,2562,2509,0
2582,72735,1,2509,2509,0,,,,,305.9,2562,2509,0
2583,75616,1,2509,2509,0,,,,,305.9,2562,2509,0
2584,52827,1,2509,2509,0,,,,,305.9,2562,2509,0
2585,50238,1,2509,2509,0,,,,,305.9,2562,2509,0
2586,81229,1,2509,2509,0,,,,,305.9,2562,2509,0
2587,107502,1,2509,2509,0,,,,,305.9,2562,2509,0
2588,96512,1,2509,2509,0,,,,,305.9,2562,2509,0
2589,119310,1,2509,2509,0,,,,,305.9,2562,2509,0
2590,87035,1,2509,2509,0,,,,,305.9,2562,2509,0
2591,79359,1,2509,2509,0,,,,,305.9,2562,2509,0
2592,83980,1,2509,2509,0,,,,,305.9,2562,2509,0
2593,80466,1,2509,2509,0,,,,,305.9,2562,2509,0
2594,82127,1,2509,2509,0,,,,,305.9,2562,2509,0
2595,14120,1,2509,2509,0,,,,,305.9,2562,2509,0
2596,92868,1,2509,2509,0,,,,,305.9,2562,2509,0
2597,79621,1,2509,2509,0,,,,,305.9,2562,2509,0
2598,95335,1,2509,2509,0,,,,,305.9,2562,2509,0
2599,76071,1,2509,2509,0,,,,,305.9,2562,2509,0
2600,82986,1,2509,2509,0,,,,,305.9,2562,2509,0
2601,9475,1,2509,2509,0,,,,,305.9,2562,2509,0
2602,1534,7,2509,2509,0,,,,,305.9,2562,2509,0
2603,40006,1,2509,2509,0,,,,,305.9,2562,2509,0
2604,40272,1,2509,2509,0,,,,,305.9,2562,2509,0
2605,42702,1,2509,2509,0,,,,,305.9,2562,2509,0
2606,1882,7,2509,2509,0,,,,,305.9,2562,2509,0
2607,60029,1,2509,2509,0,,,,,305.9,2562,2509,0
2608,563,7,2509,2509,0,,,,,305.9,2562,2509,0
2609,40168,1,2509,2509,0,,,,,305.9,2562,2509,0
2610,39980,1,2509,2509,0,,,,,305.9,2562,2509,0
2611,6175,7,2509,2509,0,,,,,305.9,2562,2509,0
2612,77426,1,2509,2509,0,,,,,305.9,2562,2509,0
2613,75054,1,2509,2509,0,,,,,305.9,2562,2509,0
2614,0,7,2509,2509,0,,,,,305.9,2562,2509,0
2615,4236,7,2509,2509,0,,,,,305.9,2562,2509,0
2616,1261,7,2509,2509,0,,,,,305.9,2562,2509,0
2617,68277,1,2509,2509,0,,,,,305.9,2562,2509,0
2618,71378,1,2509,2509,0,,,,,305.9,2562,2509,0
2619,77804,1,2509,2509,0,,,,,305.9,2562,2509,0
2620,75616,1,2509,2509,0,,,,,305.9,2562,2509,0
2621,69262,1,2509,2509,0,,,,,305.9,2562,2509,0
2622,77474,1,2509,2509,0,,,,,305.9,2562,2509,0
2623,79713,1,2509,2509,0,,,,,305.9,2562,2509,0
2624,23705,1,2509,2509,0,,,,,305.9,2562,2509,0
2625,0,7,2509,2509,0,,,,,305.9,2562,2509,0
2626,0,7,2509,2509,0,,,,,305.9,2562,2509,0
2627,0,7,2509,2509,0,,,,,305.9,2562,2509,0
2628,0,7,2509,2509,0,,,,,305.9,2562,2509,0
2629,0,7,2509,2509,0,,,,,305.9,2562,2509,0
2630,2,7,2509,2509,0,,,,,305.9,2562,2509,0
2631,3651,7,2509,2509,0,,,,,305.9,2562,2509,0
2632,2488,1,2509,2509,0,,,,,305.9,2562,2509,0
2633,88015,1,2509,2509,0,,,,,305.9,2562,2509,0
2634,93001,1,2509,2509,0,,,,,305.9,2562,2509,0
2635,-1,,2509,2509,0,,,,,305.9,2562,2509,0
2636,-1,,2509,2509,0,,,,,305.9,2562,2509,0
2637,0,,2509,2509,0,,,,,305.9,2562,2509,0
2638,0,7,2509,2509,0,,,,,305.9,2562,2509,0
2639,3,7,2509,2509,0,,,,,305.9,2562,2509,0
2640,-1,,2509,2509,0,,,,,305.9,2562,2509,0
2641,493,7,2509,2509,0,,,,,305.9,2562,2509,0
2642,837,7,2509,2509,0,,,,,305.9,2562,2509,0
2643,88950,1,2509,2509,0,,,,,305.9,2562,2509,0
2644,0,7,2509,2509,0,,,,,305.9,2562,2509,0
2645,89908,1,2509,2509,0,,,,,305.9,2562,2509,0
2646,82162,1,2509,2509,0,,,,,305.9,2562,2509,0
2647,81876,1,2509,2509,0,,,,,305.9,2562,2509,0
2648,11711,2,2509,2509,0,,,,,305.9,2562,2509,0
2649,10218,1,2509,2509,0,,,,,305.9,2562,2509,0
2650,100472,1,2509,2509,0,,,,,305.9,2562,2509,0
2651,1448,7,2509,2509,0,,,,,305.9,2562,2509,0
2652,41097,1,2509,2509,0,,,,,305.9,2562,2509,0
2653,33870,1,2509,2509,0,,,,,305.9,2562,2509,0
2654,0,7,,,0,,,,,,2562,0,0
2655,-1,7,,,0,,,,,,2562,0,0
2656,-1,7,,,0,,,,,,2562,0,0
2657,-1,4,,,0,,,,,,2562,0,0
2658,-1,4,,,0,,,,,,2562,0,0
2659,-1,4,,,0,,,,,,2562,0,0
2660,-1,4,,,0,,,,,,2562,0,0
2661,-1,4,,,0,,,,,,2562,0,0
2662,-1,4,,,0,,,,,,2562,0,0
2663,-1,4,,,0,,,,,,2562,0,0
2664,-1,4,,,0,,,,,,2562,0,0
2665,-1,4,,,0,,,,,,2562,0,0
2666,-1,,,,0,,,,,,2562,0,0
2667,-1,4,,,0,,,,,,2562,0,0
2668,-1,4,,,0,,,,,,2562,0,0
2669,-1,4,,,0,,,,,,2562,0,0
2670,-1,4,,,0,,,,,,2562,0,0
2671,-1,4,,,0,,,,,,2562,0,0
2672,-1,4,,,0,,,,,,2562,0,0
2673,-1,4,,,0,,,,,,2562,0,0
2674,-1,4,,,0,,,,,,2562,0,0
2675,-1,4,,,0,,,,,,2562,0,0
2676,-1,4,,,0,,,,,,2562,0,0
2677,-1,4,,,0,,,,,,2562,0,0
2678,-1,4,,,0,,,,,,2562,0,0
2679,-1,7,,,0,,,,,,2562,0,0
2680,-1,4,,,0,,,,,,2562,0,0
2681,-1,4,,,0,,,,,,2562,0,0
2682,-1,4,,,0,,,,,,2562,0,0
2683,-1,4,,,0,,,,,,2562,0,0
2684,-1,4,,,0,,,,,,2562,0,0
2685,-1,4,,,0,,,,,,2562,0,0
2686,-1,4,,,0,,,,,,2562,0,0
2687,-1,4,,,0,,,,,,2562,0,0
2688,-1,4,,,0,,,,,,2562,0,0
2689,-1,4,,,0,,,,,,2562,0,0
2690,-1,4,,,0,,,,,,2562,0,0
2691,-1,4,,,0,,,,,,2562,0,0
2692,-1,4,,,0,,,,,,2562,0,0
2693,-1,4,,,0,,,,,,2562,0,0
2694,-1,4,,,0,,,,,,2562,0,0
2695,-1,4,,,0,,,,,,2562,0,0
2696,-1,4,,,0,,,,,,2562,0,0
2697,-1,4,,,0,,,,,,2562,0,0
2698,-1,4,,,0,,,,,,2562,0,0
2699,-1,4,,,0,,,,,,2562,0,0
2700,-1,4,,,0,,,,,,2562,0,0
2701,-1,7,,,0,,,,,,2562,0,0
2702,-1,7,,,0,,,,,,2562,0,0
2703,-1,,,,0,,,,,,2562,0,0
2704,-1,4,,,0,,,,,,2562,0,0
2705,-1,4,,,0,,,,,,2562,0,0
2706,-1,4,,,0,,,,,,2562,0,0
2707,-1,,,,0,,,,,,2562,0,0
2708,-1,7,,,0,,,,,,2562,0,0
2709,-1,4,,,0,,,,,,2562,0,0
2710,-1,7,,,0,,,,,,2562,0,0
2711,-1,4,,,0,,,,,,2562,0,0
2712,-1,4,,,0,,,,,,2562,0,0
2713,-1,4,,,0,,,,,,2562,0,0
2714,-1,4,,,0,,,,,,2562,0,0
2715,-1,4,,,0,,,,,,2562,0,0
2716,-1,4,,,0,,,,,,2562,0,0
2717,-1,4,,,0,,,,,,2562,0,0
2718,-1,4,,,0,,,,,,2562,0,0
2719,-1,4,,,0,,,,,,2562,0,0
2720,-1,4,,,0,,,,,,2562,0,0
2721,-1,4,,,0,,,,,,2562,0,0
2722,-1,4,,,0,,,,,,2562,0,0
2723,-1,4,,,0,,,,,,2562,0,0
2724,-1,4,,,0,,,,,,2562,0,0
2725,-1,4,,,0,,,,,,2562,0,0
2726,-1,4,,,0,,,,,,2562,0,0
2727,-1,4,,,0,,,,,,2562,0,0
2728,-1,4,,,0,,,,,,2562,0,0
2729,-1,4,,,0,,,,,,2562,0,0
2730,-1,4,,,0,,,,,,2562,0,0
2731,-1,4,,,0,,,,,,2562,0,0
2732,-1,4,,,0,,,,,,2562,0,0
2733,-1,4,,,0,,,,,,2562,0,0
2734,-1,4,,,0,,,,,,2562,0,0
2735,-1,4,,,0,,,,,,2562,0,0
2736,-1,4,,,0,,,,,,2562,0,0
2737,-1,,,,0,,,,,,2562,0,0
2738,-1,7,,,0,,,,,,2562,0,0
2739,-1,4,,,0,,,,,,2562,0,0
2740,-1,4,,,0,,,,,,2562,0,0
2741,-1,4,,,0,,,,,,2562,0,0
2742,-1,,,,0,,,,,,2562,0,0
2743,-1,4,,,0,,,,,,2562,0,0
2744,-1,4,,,0,,,,,,2562,0,0
2745,-1,4,,,0,,,,,,2562,0,0
2746,-1,4,,,0,,,,,,2562,0,0
2747,-1,4,,,0,,,,,,2562,0,0
2748,-1,4,,,0,,,,,,2562,0,0
2749,-1,4,,,0,,,,,,2562,0,0
2750,-1,4,,,0,,,,,,2562,0,0
2751,-1,4,,,0,,,,,,2562,0,0
2752,-1,4,,,0,,,,,,2562,0,0
2753,-1,4,,,0,,,,,,2562,0,0
2754,-1,4,,,0,,,,,,2562,0,0
2755,-1,4,,,0,,,,,,2562,0,0
2756,-1,4,,,0,,,,,,2562,0,0
2757,-1,4,,,0,,,,,,2562,0,0
2758,-1,4,,,0,,,,,,2562,0,0
2759,-1,7,,,0,,,,,,2562,0,0
2760,-1,7,,,0,,,,,,2562,0,0
2761,-1,9,,,0,,,,,,2562,0,0
2762,-1,cosmic,,,0,,,,,,2562,0,0
2763,-1,9,,,0,,,,,,2562,0,0
2764,-1,cosmic,,,0,,,,,,2562,0,0
2765,-1,cosmic,,,0,,,,,,2562,0,0
2766,-1,cosmic,,,0,,,,,,2562,0,0
2767,-1,cosmic,,,0,,,,,,2562,0,0
2768,-1,cosmic,,,0,,,,,,2562,0,0
2769,-1,cosmic,,,0,,,,,,2562,0,0
2770,-1,,,,0,,,,,,2562,0,0
2771,-1,cosmic,,,0,,,,,,2562,0,0
2772,-1,cosmic,,,0,,,,,,2562,0,0
2773,-1,,,,0,,,,,,2562,0,0
2774,-1,cosmic,,,0,,,,,,2562,0,0
2775,-1,cosmic,,,0,,,,,,2562,0,0
2776,-1,7,,,0,,,,,,2562,0,0
2777,-1,2,,,0,,,,,,2562,0,0
2778,-1,9,,,0,,,,,,2562,0,0
2779,-1,2,,,0,,,,,,2562,0,0
2780,-1,,,,0,,,,,,2562,0,0
2781,-1,7,,,0,,,,,,2562,0,0
2782,-1,7,,,0,,,,,,2562,0,0
2783,-1,cosmic,,,0,,,,,,2562,0,0
2784,-1,cosmic,,,0,,,,,,2562,0,0
2785,-1,cosmic,,,0,,,,,,2562,0,0
2786,-1,cosmic,,,0,,,,,,2562,0,0
2787,-1,cosmic,,,0,,,,,,2562,0,0
2788,-1,cosmic,,,0,,,,,,2562,0,0
2789,-1,cosmic,,,0,,,,,,2562,0,0
2790,-1,cosmic,,,0,,,,,,2562,0,0
2791,-1,cosmic,,,0,,,,,,2562,0,0
2792,-1,cosmic,,,0,,,,,,2562,0,0
2793,-1,cosmic,,,0,,,,,,2562,0,0
2794,-1,,,,0,,,,,,2562,0,0
2795,-1,cosmic,,,0,,,,,,2562,0,0
2796,-1,cosmic,,,0,,,,,,2562,0,0
2797,-1,7,,,0,,,,,,2562,0,0
2798,-1,,,,0,,,,,,2562,0,0
2799,-1,,,,0,,,,,,2562,0,0
2800,-1,,,,0,,,,,,2562,0,0
2801,-1,cosmic,,,0,,,,,,2562,0,0
2802,-1,cosmic,,,0,,,,,,2562,0,0
2803,-1,9,,,0,,,,,,2562,0,0
2804,43299,9,,,0,,,,,,2562,0,0
2805,45680,4,2805,2805,0,,,,,280,2843,2805,0
2806,61679,4,2805,2805,0,,,,,280,2843,2805,0
2807,43980,4,2805,2805,0,,,,,280,2843,2805,0
2808,43492,4,2805,2805,0,,,,,280,2843,2805,0
2809,170290,4,2805,2805,0,,,,,280,2843,2805,0
2810,45226,4,2805,2805,0,,,,,280,2843,2805,0
2811,71084,4,2805,2805,0,,,,,280,2843,2805,0
2812,43235,4,2805,2805,0,,,,,280,2843,2805,0
2813,841809,4,2805,2805,0,,,,,280,2843,2805,0
2814,309214,4,2805,2805,0,,,,,280,2843,2805,0
2815,840760,2,2805,2805,0,,,,,280,2843,2805,0
2816,841042,4,2805,2805,0,,,,,280,2843,2805,0
2817,-1,,2805,2805,0,,,,,280,2843,2805,0
2818,10962,,2805,2805,0,,,,,280,2843,2805,0
2819,30360,,2805,2805,0,,,,,280.0176454,2843,2805,0
2820,27351,,2805,2805,0,,,,,279.8844638,2843,2805,0
2821,9119,8,2805,2805,0,,,,,279.8833952,2843,2805,0
2822,-1,,2805,2805,0,,,,,280,2843,2805,0
2823,12355,8,2805,2805,0,,,,,279.8839166,2843,2805,0
2824,19966,8,2805,2805,0,,,,,279.8830628,2843,2805,0
2825,0,,2805,2805,0,,,,,280,2843,2805,0
2826,-1,,2805,2805,0,,,,,280,2843,2805,0
2827,0,,2805,2805,0,,,,,280,2843,2805,0
2828,0,,2805,2805,0,,,,,280,2843,2805,0
2829,0,7,2805,2805,0,,,,,280,2843,2805,0
2830,-1,,2805,2805,0,,,,,280,2843,2805,0
2831,0,3,2805,2805,0,,,,,280,2843,2805,0
2832,0,3,2805,2805,0,,,,,280,2843,2805,0
2833,0,7,2805,2805,0,,,,,280,2843,2805,0
2834,68,7,2805,2805,0,,,,,279.814016,2843,2805,0
2835,36,7,2805,2805,0,,,,,279.8537208,2843,2805,0
2836,11281,1,2805,2805,0,,,,,279.9015314,2843,2805,0
2837,787,,2805,2805,0,,,,,279.89181,2843,2805,0
2838,13817,1,2805,2805,0,,,,,279.9012992,2843,2805,0
2839,120215,1,2805,2805,0,,,,,279.9084164,2843,2805,0
2840,48571,1,2805,2805,0,,,,,279.92035,2843,2805,0
2841,85241,1,2805,2805,0,,,,,279.9184406,2843,2805,0
2842,9652,,2805,2805,0,,,,,279.9201318,2843,2805,0
2843,83735,1,2805,2805,0,,,,,279.920249,2843,2805,0
2844,18427,1,2805,2805,0,,,,,279.9238062,2843,2805,0
2845,75291,1,2805,2805,0,,,,,279.9270742,2843,2805,0
2846,75581,1,2805,2805,0,,,,,279.9804273,2843,2805,0
2847,12118,,2805,2805,0,,,,,279.9895343,2843,2805,0
2848,8231,1,2805,2805,0,,,,,279.9874702,2843,2805,0
2849,73807,1,2805,2805,0,,,,,279.9866977,2843,2805,0
2850,70228,1,2805,2805,0,,,,,279.9888008,2843,2805,0
2851,75209,1,2805,2805,0,,,,,279.994265,2843,2805,0
2852,83753,1,2805,2805,0,,,,,279.9971542,2843,2805,0
2853,10447,,2805,2805,0,,,,,280.0013343,2843,2805,0
2854,-1,,2805,2805,0,,,,,279.987,2843,2805,0
2855,75845,1,2805,2805,0,,,,,279.9999066,2843,2805,0
2856,10944,1,2805,2805,0,,,,,280.0057182,2843,2805,0
2857,84234,1,2805,2805,0,,,,,280.003783,2843,2805,0
2858,88711,1,2805,2805,0,,,,,280.00546,2843,2805,0
2859,75357,1,2805,2805,0,,,,,280.0029586,2843,2805,0
2860,84405,1,2805,2805,0,,,,,280.0055074,2843,2805,0
2861,84666,1,2805,2805,0,,,,,280.0076183,2843,2805,0
2862,0,,2805,2805,0,,,,,279.9985,2843,2805,0
2863,-1,,2805,2805,0,,,,,279.9985,2843,2805,0
2864,-1,,2805,2805,0,,,,,279.9985,2843,2805,0
2865,0,,2805,2805,0,,,,,279.9985,2843,2805,0
2866,0,,2805,2805,0,,,,,279.9985,2843,2805,0
2867,0,,2805,2805,0,,,,,279.9985,2843,2805,0
2868,-1,,2805,2805,0,,,,,279.9985,2843,2805,0
2869,0,,2805,2805,0,,,,,279.9985,2843,2805,0
2870,1,,2805,2805,0,,,,,279.9985,2843,2805,0
2871,0,,2805,2805,0,,,,,279.9985,2843,2805,0
2872,931,,2805,2805,0,,,,,280.0084777,2843,2805,0
2873,0,,2805,2805,0,,,,,279.9985,2843,2805,0
2874,1077,,2805,2805,0,,,,,280.023539,2843,2805,0
2875,92098,1,2805,2805,0,,,,,280.0179452,2843,2805,0
2876,8609,,2805,2805,0,,,,,280.0146195,2843,2805,0
2877,90952,1,2805,2805,0,,,,,280.0170948,2843,2805,0
2878,87321,1,2805,2805,0,,,,,280.019514,2843,2805,0
2879,73034,1,2805,2805,0,,,,,280.0187582,2843,2805,0
2880,80168,1,2805,2805,0,,,,,280.0199446,2843,2805,0
2881,75153,1,2805,2805,0,,,,,280.0244376,2843,2805,0
2882,86946,1,2805,2805,0,,,,,280.025877,2843,2805,0
2883,91515,1,2805,2805,0,,,,,280.0276192,2843,2805,0
2884,60403,1,2805,2805,0,,,,,280.0284736,2843,2805,0
2885,0,,2805,2805,0,,,,,280.0235,2843,2805,0
2886,7945,,2805,2805,0,,,,,280.0310055,2843,2805,0
2887,91771,1,2805,2805,0,,,,,280.0302848,2843,2805,0
2888,90972,1,2805,2805,0,,,,,280.0345473,2843,2805,0
2889,89712,1,2805,2805,0,,,,,280.0374004,2843,2805,0
2890,86247,1,2805,2805,0,,,,,280.0408605,2843,2805,0
2891,75440,1,2805,2805,0,,,,,280.0477502,2843,2805,0
2892,13157,1,2805,2805,0,,,,,280.0556466,2843,2805,0
2893,73908,1,2805,2805,0,,,,,280.0557353,2843,2805,0
2894,94285,1,2805,2805,0,,,,,280.0579723,2843,2805,0
2895,8579,,2805,2805,0,,,,,280.0587063,2843,2805,0
2896,65286,1,2805,2805,0,,,,,280.0585945,2843,2805,0
2897,-1,,2805,2805,0,,,,,280.054,2843,2805,0
2898,115149,1,2805,2805,0,,,,,280.0606591,2843,2805,0
2899,71200,1,2805,2805,0,,,,,280.0623768,2843,2805,0
2900,86916,1,2805,2805,0,,,,,280.0617371,2843,2805,0
2901,88750,1,2805,2805,0,,,,,280.0670801,2843,2805,0
2902,85788,1,2805,2805,0,,,,,280.0696383,2843,2805,0
2903,102451,1,2805,2805,0,,,,,280.0640249,2843,2805,0
2904,82746,1,2805,2805,0,,,,,280.0648414,2843,2805,0
2905,91334,1,2805,2805,0,,,,,280.0750228,2843,2805,0
2906,8724,,2805,2805,0,,,,,280.0809775,2843,2805,0
2907,68421,1,2805,2805,0,,,,,280.081287,2843,2805,0
2908,3,,2805,2805,0,,,,,280.076,2843,2908,0
2909,0,,2805,2805,0,,,,,280.076,2843,2908,0
2910,0,,2805,2805,0,,,,,280.076,2843,2908,0
2911,0,7,2805,2805,0,,,,,280.076,2843,2908,0
2912,0,,2805,2805,0,,,,,280.076,2843,2908,0
2913,5475,1,2805,2805,0,,,,,279.9885058,2843,2908,0
2914,19492,1,2805,2805,0,,,,,279.9854354,2843,2908,0
2915,0,,2805,2805,0,,,,,279.9835,2843,2908,0
2916,83421,1,2805,2805,0,,,,,279.998555,2843,2908,0
2917,84578,1,2805,2805,0,,,,,280.0053844,2843,2908,0
2918,8575,2,2805,2805,0,,,,,280.0034613,2843,2908,0
2919,93087,1,2805,2805,0,,,,,280.0069824,2843,2908,0
2920,90909,1,2805,2805,0,,,,,280.007589,2843,2908,0
2921,86144,1,2805,2805,0,,,,,280.0076151,2843,2908,0
2922,77767,1,2805,2805,0,,,,,280.0156248,2843,2908,0
2923,-1,,2805,2805,0,,,,,280.012,2843,2908,0
2924,59660,1,2805,2805,0,,,,,280.0166572,2843,2908,0
2925,84454,1,2805,2805,0,,,,,280.0160407,2843,2908,0
2926,89957,1,2805,2805,0,,,,,280.0189109,2843,2908,0
2927,92891,1,2805,2805,0,,,,,280.0220664,2843,2908,0
2928,8201,2,2805,2805,0,,,,,280.0255327,2843,2908,0
2929,40790,1,2805,2805,0,,,,,280.0263674,2843,2908,0
2930,81973,1,2805,2805,0,,,,,280.0269553,2843,2908,0
2931,82227,1,2805,2805,0,,,,,280.0287734,2843,2908,0
2932,87435,1,2805,2805,0,,,,,280.0320927,2843,2908,0
2933,87993,1,2805,2805,0,,,,,280.0351819,2843,2908,0
2934,90267,1,2805,2805,0,,,,,280.039463,2843,2908,0
2935,89660,1,2805,2805,0,,,,,280.0425561,2843,2908,0
2936,88915,1,2805,2805,0,,,,,280.0468251,2843,2908,0
2937,449,7,2805,2805,0,,,,,280.0629186,2843,2908,0
2938,8080,2,2805,2805,0,,,,,280.05035,2843,2908,0
2939,88721,1,2805,2805,0,,,,,280.0544632,2843,2908,0
2940,83467,1,2805,2805,0,,,,,280.0558024,2843,2908,0
2941,89232,1,2805,2805,0,,,,,280.0589087,2843,2908,0
2942,86283,1,2805,2805,0,,,,,280.0626712,2843,2908,0
2943,91411,1,2805,2805,0,,,,,280.0641832,2843,2908,0
2944,88076,1,2805,2805,0,,,,,280.0664847,2843,2908,0
2945,92661,1,2805,2805,0,,,,,280.0705078,2843,2908,0
2946,90389,1,2805,2805,0,,,,,280.0716977,2843,2908,0
2947,8236,2,2805,2805,0,,,,,280.074682,2843,2908,0
2948,91717,1,2805,2805,0,,,,,280.0799169,2843,2908,0
2949,76133,1,2805,2805,0,,,,,280.0872729,2843,2908,0
2950,-1,,2805,2805,0,,,,,280.0825,2843,2908,0
2951,-1,,2805,2805,0,,,,,280.0825,2843,2908,0
2952,-1,,2805,2805,0,,,,,280.0825,2843,2908,0
2953,-1,,2805,2805,0,,,,,280.0825,2843,2908,0
2954,-1,,2805,2805,0,,,,,280.0825,2843,2908,0
2955,86941,1,2805,2805,0,,,,,280.0913688,2843,2908,0
2956,89041,1,2805,2805,0,,,,,280.0940107,2843,2908,0
2957,2433,,2805,2805,0,,,,,279.9941647,2843,2957,0
2958,90877,1,2805,2805,0,,,,,279.993154,2843,2957,0
2959,88566,1,2805,2805,0,,,,,280.0008689,2843,2957,0
2960,88513,1,2805,2805,0,,,,,280.0027412,2843,2957,0
2961,85847,1,2805,2805,0,,,,,280.0084013,2843,2957,0
2962,87528,1,2805,2805,0,,,,,280.0161001,2843,2957,0
2963,8171,2,2805,2805,0,,,,,280.0187534,2843,2957,0
2964,97362,1,2805,2805,0,,,,,280.0221866,2843,2957,0
2965,98817,1,2805,2805,0,,,,,280.0260646,2843,2957,0
2966,61744,1,2805,2805,0,,,,,280.0264649,2843,2957,0
2967,1380,7,2805,2805,0,,,,,280.0329117,2843,2957,0
2968,29485,1,2805,2805,0,,,,,280.0298305,2843,2957,0
2969,83772,1,2805,2805,0,,,,,280.0343326,2843,2957,0
2970,87448,1,2805,2805,0,,,,,280.0366271,2843,2957,0
2971,96290,1,2805,2805,0,,,,,280.0400724,2843,2957,0
2972,89277,1,2805,2805,0,,,,,280.0456008,2843,2957,0
2973,89248,1,2805,2805,0,,,,,280.0490672,2843,2957,0
2974,8151,2,2805,2805,0,,,,,280.0503531,2843,2957,0
2975,87877,1,2805,2805,0,,,,,280.0497096,2843,2957,0
2976,89335,1,2805,2805,0,,,,,280.0509942,2843,2957,0
2977,20105,1,2805,2805,0,,,,,280.0521415,2843,2957,0
2978,88548,1,2805,2805,0,,,,,280.0515484,2843,2957,0
2979,92390,1,2805,2805,0,,,,,280.0539692,2843,2957,0
2980,88897,1,2805,2805,0,,,,,280.0587551,2843,2957,0
2981,47010,1,2805,2805,0,,,,,280.0638125,2843,2957,0
2982,85642,1,2805,2805,0,,,,,280.0660919,2843,2957,0
2983,87857,1,2805,2805,0,,,,,280.0687144,2843,2957,0
2984,5524,1,2805,2805,0,,,,,280.0733855,2843,2957,0
2985,94844,1,2805,2805,0,,,,,280.0736238,2843,2957,0
2986,97715,1,2805,2805,0,,,,,280.0753076,2843,2957,0
2987,9401,2,2805,2805,0,,,,,280.0824002,2843,2957,0
2988,88216,1,2805,2805,0,,,,,280.080532,2843,2957,0
2989,73691,1,2805,2805,0,,,,,280.0837624,2843,2957,0
2990,94513,1,2805,2805,0,,,,,280.0844773,2843,2957,0
2991,92121,1,2805,2805,0,,,,,280.0924444,2843,2957,0
2992,86269,1,2805,2805,0,,,,,280.094899,2843,2992,0
2993,32561,1,2805,2805,0,,,,,279.980068,2843,2992,0
2994,0,,2805,2805,0,,,,,279.978,2843,2992,0
2995,-1,,2805,2805,0,,,,,279.978,2843,2992,0
2996,0,,2805,2805,0,,,,,279.978,2843,2992,0
2997,73319,1,2805,2805,0,,,,,279.9849405,2843,2992,0
2998,10577,2,2805,2805,0,,,,,279.9836881,2843,2992,0
2999,92780,1,2805,2805,0,,,,,279.9874997,2843,2992,0
3000,51503,1,2805,2805,0,,,,,279.9928084,2843,2992,0
3001,0,,2805,2805,0,,,,,279.9915,2843,2992,0
3002,80285,1,2805,2805,0,,,,,279.9938886,2843,2992,0
3003,81880,1,2805,2805,0,,,,,280.0005772,2843,2992,0
3004,84523,1,2805,2805,0,,,,,280.0052991,2843,2992,0
3005,2455,,2805,2805,0,,,,,279.9957793,2843,2992,0
3006,6477,,2805,2805,0,,,,,280.0058478,2843,2992,0
3007,78936,1,2805,2805,0,,,,,280.0126789,2843,2992,0
3008,34534,1,2805,2805,0,,,,,280.0172239,2843,2992,0
3009,1,7,2805,2805,0,,,,,280.0145,2843,2992,0
3010,92802,1,2805,2805,0,,,,,280.0153182,2843,2992,0
3011,9182,2,2805,2805,0,,,,,280.0158399,2843,2992,0
3012,27769,1,2805,2805,0,,,,,280.015973,2843,2992,0
3013,171132,1,2805,2805,0,,,,,280.0205484,2843,2992,0
3014,18205,1,2805,2805,0,,,,,280.0231581,2843,2992,0
3015,0,7,2805,2805,0,,,,,280.018,2843,2992,0
3016,0,7,2805,2805,0,,,,,280.018,2843,2992,0
3017,50035,5,2805,2805,0,,,,,280.004895,2843,2992,0
3018,50047,5,2805,2805,0,,,,,280.0087123,2843,2992,0
3019,50083,5,2805,2805,0,,,,,280.0238006,2843,2992,0
3020,1015,7,2805,2805,0,,,,,280.0089538,2843,2992,0
3021,55099,5,2805,2805,0,,,,,280.0114277,2843,2992,0
3022,5436,7,2805,2805,0,,,,,280.0115693,2843,2992,0
3023,40600,5,2805,2805,0,,,,,280.0110037,2843,2992,0
3024,17914,5,2805,2805,0,,,,,280.017667,2843,2992,0
3025,15364,5,2805,2805,0,,,,,280.0164835,2843,2992,0
3026,4157,7,2805,2805,0,,,,,280.0087094,2843,2992,0
3027,50239,5,2805,2805,0,,,,,280.0095192,2843,2992,0
3028,50247,5,2805,2805,0,,,,,280.0116277,2843,2992,0
3029,3479,,2805,2805,0,,,,,280.0135375,2843,2992,0
3030,46578,5,2805,2805,0,,,,,280.0141773,2843,2992,0
3031,2500,7,2805,2805,0,,,,,280.0209106,2843,2992,0
3032,28254,5,2805,2805,0,,,,,280.0181677,2843,2992,0
3033,5314,7,2805,2805,0,,,,,280.0256069,2843,2992,0
3034,27035,5,2805,2805,0,,,,,280.0196376,2843,2992,0
3035,0,,2805,2805,0,,,,,280.018,2843,2992,0
3036,54394,5,2805,2805,0,,,,,280.0227788,2843,2992,0
3037,8192,2,2805,2805,0,,,,,280.0301035,2843,2992,0
3038,2333,,2805,2805,0,,,,,280.0465724,2843,2992,0
3039,44087,1,2805,2805,0,,,,,280.0535174,2843,2992,0
3040,0,4,2805,2805,0,,,,,,2843,2992,0
3041,1,4,2805,2805,0,,,,,,2841,2992,0
3042,2058,4,2805,2805,0,,,,,,2841,2992,0
3043,369,7,2805,2805,0,,,,,,2841,2992,0
3044,23363,,3044,3061,0,,,,,280.1542184,3061,3044,0
3045,45913,,3044,3061,0,,,,,280.1550571,3061,3044,0
3046,256306,,3044,3061,0,,,,,280.1542569,3061,3044,0
3047,21412,,3044,3061,0,,,,,280.1002092,3061,3044,0
3048,11319,,3044,3061,0,,,,,280.0965585,3061,3044,0
3049,80654,,3044,3061,0,,,,,280.0970199,3061,3044,0
3050,0,,3044,3061,0,,,,,280,3061,3044,0
3051,19581,,3044,3061,0,,,,,280.0890135,3061,3044,0
3052,61642,,3044,3061,0,,,,,280.0867123,3061,3044,0
3053,113140,,3044,3061,0,,,,,280.0755808,3061,3044,0
3054,203462,8,3044,3061,0,,,,,280.0772775,3061,3044,0
3055,13106,8,3044,3061,0,,,,,280.0807679,3055,3044,0
3056,2076,,3044,3061,0,,,,,,3061,3044,0
3057,1149,7,3044,3061,0,,,,,280.1563015,3061,3044,0
3058,9694,1,3044,3061,0,,,,,280.0946516,3061,3044,0
3059,51844,1,3044,3061,0,,,,,280.0873826,3061,3044,0
3060,8356,2,3044,3061,0,,,,,280.0959086,3061,3044,0
3061,75026,1,3044,3061,0,,,,,280.0896161,3061,3044,0
3062,75107,1,3044,3061,0,,,,,280.09,3061,3044,0
3063,0,,3044,3061,0,,,,,280,3061,3044,0
3064,0,,3044,3061,0,,,,,280,3061,3044,0
3065,77015,1,3044,3061,0,,,,,280.098119,3061,3044,0
3066,78609,1,3044,3061,0,,,,,280.0903895,3061,3044,0
3067,0,,3044,3061,0,,,,,280,3061,3044,0
3068,82656,1,3044,3061,0,,,,,280.106014,3061,3044,0
3069,82241,1,3044,3061,0,,,,,280.105589,3061,3044,0
3070,22093,7,3044,3061,0,,,,,280.1183653,3061,3044,0
3071,80717,1,3044,3061,0,,,,,280.1146512,3061,3044,0
3072,167,7,3044,3061,0,,,,,280.0608118,3061,3044,0
3073,3927,7,3044,3061,0,,,,,280.1,3061,3044,0
3074,85932,1,3044,3061,0,,,,,280.1095131,3061,3044,0
3075,80862,1,3044,3061,0,,,,,280.1110785,3061,3044,0
3076,81272,1,3044,3061,0,,,,,280.1116114,3061,3044,0
3077,82343,1,3044,3061,0,,,,,280.1129935,3061,3044,0
3078,79388,1,3044,3061,0,,,,,280.1180038,3061,3044,0
3079,752,7,3044,3061,0,,,,,280.1,3061,3044,0
3080,84146,1,3044,3061,0,,,,,280.1204449,3061,3044,0
3081,85110,1,3044,3061,0,,,,,280.1192923,3061,3044,0
3082,96661,1,3044,3061,0,,,,,280.1248549,3061,3044,0
3083,35923,1,3044,3061,0,,,,,280.124809,3061,3044,0
3084,82727,1,3044,3061,0,,,,,280.131403,3061,3044,0
3085,79482,1,3044,3061,0,,,,,280.132457,3061,3044,0
3086,9877,2,3044,3061,0,,,,,280.138797,3061,3044,0
3087,53830,1,3044,3061,0,,,,,280.1401,3061,3044,0
3088,74197,1,3044,3061,0,,,,,280.145724,3061,3044,0
3089,75040,1,3044,3061,0,,,,,280.149599,3061,3044,0
3090,58606,1,3044,3061,0,,,,,280.155082,3061,3044,0
3091,81785,1,3044,3061,0,,,,,280.155694,3061,3044,0
3092,77360,1,3044,3061,0,,,,,280.156568,3061,3044,0
3093,79139,1,3044,3061,0,,,,,280.161804,3061,3044,0
3094,43379,1,3044,3061,0,,,,,280.168194,3061,3044,0
3095,77732,1,3044,3061,0,,,,,280.159232,3061,3044,0
3096,8334,2,3044,3061,0,,,,,280.1995898,3061,3044,0
3097,83606,1,3044,3061,0,,,,,280.167364,3061,3044,0
3098,15940,1,3044,3061,0,,,,,280.177774,3061,3044,0
3099,0,,3044,3061,0,,,,,280,3061,3044,0
3100,1237,7,3044,3061,0,,,,,280.177,3061,3044,0
3101,8921,2,3044,3061,0,,,,,280.179394,3061,3044,0
3102,79960,1,3044,3061,0,,,,,280.174602,3061,3044,0
3103,75607,1,3044,3061,0,,,,,280.179959,3061,3044,0
3104,9052,2,3044,3061,0,,,,,280.2026589,3061,3044,0
3105,14216,,3044,3061,0,,,,,280.1679,3061,3044,0
3106,50059,5,3044,3061,0,,,,,280.0978358,3061,3044,0
3107,283,7,3044,3061,0,,,,,280.06552,3061,3044,0
3108,974,,3044,3061,0,,,,,280.5917237,3061,3044,0
3109,51759,5,3044,3061,0,,,,,280.1060345,3061,3044,0
3110,937,,3044,3061,0,,,,,279.778403,3061,3044,0
3111,23363,,3044,3061,0,,,,,280.098902,3061,3044,0
3112,50092,5,3044,3061,0,,,,,280.1094983,3061,3044,0
3113,11804,,3044,3061,0,,,,,280.1617301,3061,3044,0
3114,32192,5,3044,3061,0,,,,,279.9742434,3061,3044,0
3115,3423,,3044,3061,0,,,,,280,3061,3044,0
3116,5130,,3044,3061,0,,,,,280.302162,3061,3044,0
3117,663,7,3044,3061,0,,,,,280.4,3061,3044,0
3118,11097,5,3044,3061,0,,,,,280.4,3061,3044,0
3119,633,,3044,3061,0,,,,,280.1888464,3061,3044,0
3120,481,7,3044,3061,0,,,,,280.1282722,3061,3044,0
3121,11226,5,3044,3061,0,,,,,280.15,3061,3044,0
3122,11257,5,3044,3061,0,,,,,280.15,3061,3044,0
3123,2230,7,3044,3061,0,,,,,280.1375786,3061,3044,0
3124,-1,,3044,3061,0,,,,,280,3061,3044,0
3125,3767,7,3044,3061,0,,,,,280.1632,3061,3044,0
3126,62,7,3044,3061,0,,,,,280.16318,3061,3044,0
3127,1059,7,3044,3061,0,,,,,280.1632,3061,3044,0
3128,2140,,3044,3061,0,,,,,280.1632,3061,3044,0
3129,3055,,3044,3061,0,,,,,280.227181,3061,3044,0
3130,50159,5,3044,3061,0,,,,,280.192142,3061,3044,0
3131,16920,2,3044,3061,0,,,,,280.2163652,3061,3044,0
3132,1012,7,3044,3061,0,,,,,280.204331,3061,3044,0
3133,616,,3044,3061,0,,,,,280.7031904,3061,3044,0
3134,51088,5,3044,3061,0,,,,,280.181053,3061,3044,0
3135,1116,,3044,3061,0,,,,,280.0902665,3061,3044,0
3136,52713,5,3044,3061,0,,,,,280.181388,3061,3044,0
3137,1373,,3044,3061,0,,,,,280.050228,3061,3044,0
3138,79517,1,3044,3061,0,,,,,280.193592,3061,3044,0
3139,79751,1,3044,3061,0,,,,,280.197987,3061,3044,0
3140,80091,1,3044,3061,0,,,,,280.195859,3061,3044,0
3141,27618,1,3044,3061,0,,,,,280.20067,3061,3044,0
3142,83220,1,3044,3061,0,,,,,280.202413,3061,3044,0
3143,80146,1,3044,3061,0,,,,,280.204101,3061,3044,0
3144,79054,1,3044,3061,0,,,,,280.205472,3061,3044,0
3145,75305,1,3044,3061,0,,,,,280.204937,3061,3044,0
3146,76015,1,3044,3061,0,,,,,280.208432,3061,3044,0
3147,13717,2,3044,3061,0,,,,,280.232932,3061,3044,0
3148,76188,1,3044,3061,0,,,,,280.210579,3061,3044,0
3149,78093,1,3044,3061,0,,,,,280.21754,3061,3044,0
3150,76135,1,3044,3061,0,,,,,280.243097,3061,3044,0
3151,72585,1,3044,3061,0,,,,,280.230418,3061,3044,0
3152,76136,1,3044,3061,0,,,,,280.232663,3061,3044,0
3153,88335,1,3044,3061,0,,,,,280.226076,3061,3044,0
3154,80989,1,3044,3061,0,,,,,280.248501,3061,3044,0
3155,86190,1,3044,3061,0,,,,,280.23172,3061,3044,0
3156,83504,1,3044,3061,0,,,,,280.254952,3061,3044,0
3157,78287,1,3044,3061,0,,,,,280.242607,3061,3044,0
3158,82670,1,3044,3061,0,,,,,280.23512,3061,3044,0
3159,25496,1,3044,3061,0,,,,,280.23512,3061,3044,0
3160,0,,3044,3061,0,,,,,280,3061,3044,0
3161,0,,3044,3061,0,,,,,280,3061,3044,0
3162,-1,,3044,3061,0,,,,,280,3061,3044,0
3163,9093,2,3044,3061,0,,,,,280.23512,3061,3044,0
3164,5437,1,3044,3061,0,,,,,280.23512,3061,3044,0
3165,35968,1,3044,3061,0,,,,,280.23512,3061,3044,0
3166,12908,1,3044,3061,0,,,,,280.23512,3061,3044,0
3167,81340,1,3044,3061,0,,,,,280.247769,3061,3044,0
3168,74843,1,3044,3061,0,,,,,280.27613,3061,3044,0
3169,32106,1,3044,3061,0,,,,,280.258336,3061,3044,0
3170,75694,1,3044,3061,0,,,,,280.250574,3061,3044,0
3171,11553,1,3044,3061,0,,,,,280.250574,3061,3044,0
3172,17062,1,3044,3172,0,,,,,280.2425002,3061,3172,0
3173,14215,,3044,3172,0,,,,,280.2438569,3061,3172,0
3174,27059,,3044,3172,0,,,,,280.2981267,3061,3172,0
3175,4779,,3044,3172,0,,,,,280.32,3061,3172,0
3176,43852,,3044,3172,0,,,,,280.351144,3061,3172,0
3177,74879,1,3044,3172,0,,,,,280.4083831,3061,3172,0
3178,11989,2,3044,3172,0,,,,,280.4027563,3061,3172,0
3179,92440,1,3044,3172,0,,,,,280.411653,3061,3172,0
3180,62405,1,3044,3172,0,,,,,280.4212136,3061,3172,0
3181,51866,1,3044,3172,0,,,,,280.4360572,3061,3172,0
3182,75584,1,3044,3172,0,,,,,280.4267258,3061,3172,0
3183,80571,1,3044,3172,0,,,,,280.4285965,3061,3172,0
3184,8735,1,3044,3172,0,,,,,280.4015306,3061,3172,0
3185,0,,3185,3172,0,,,,,975,3193,3185,0
3186,533,7,3185,3172,0,,,,,975,3193,3185,0
3187,43618,6,3185,3172,0,,,,,975,3193,3185,0
3188,-1,,3185,3172,0,,,,,975,3193,3185,0
3189,0,6,3185,3172,0,,,,,975,3193,3185,0
3190,3924,6,3185,3172,0,,,,,975,3193,3185,0
3191,44556,6,3185,3172,0,,,,,975,3193,3185,0
3192,4710,8,3185,3172,0,,,,,975,3193,3185,0
3193,78555,6,3185,3172,0,,,,,975,3193,3185,0
3194,28770,6,3185,3172,0,,,,,975,3193,3185,0
3195,41489,6,3185,3172,0,,,,,975,3193,3185,0
3196,43349,6,3185,3172,0,,,,,975,3193,3185,0
3197,0,,,3172,0,,,,,975,3193,3185,0
3198,5473,8,3198,3172,0,,,,,975,3202,3185,0
3199,5878,8,3198,3172,0,,,,,975,3202,3185,0
3200,6811,8,3198,3172,0,,,,,975,3202,3185,0
3201,9038,8,3198,3172,0,,,,,975,3202,3185,0
3202,59518,6,3198,3172,0,,,,,975,3202,3185,0
3203,44080,6,3198,3172,0,,,,,975,3202,3185,0
3204,40107,6,3198,3172,0,,,,,975,3202,3185,0
3205,34016,6,3198,3172,0,,,,,975,3202,3185,0
3206,10130,6,3198,3172,0,,,,,975,3202,3185,0
3207,46838,6,3198,3172,0,,,,,975,3202,3185,0
3208,44688,6,3198,3172,0,,,,,975,3202,3185,0
3209,46020,6,3198,3172,0,,,,,975,3202,3185,0
3210,41641,6,3198,3172,0,,,,,975,3202,3185,0
3211,31712,6,3198,3172,0,,,,,975,3202,3185,0
3212,0,4,,,0,,,,,,3202,0,0
3213,-1,9,,,0,,,,,,3202,0,0
3214,-1,9,,,0,,,,,,3202,0,0
3215,-1,9,,,0,,,,,,3202,0,0
3216,-1,9,,,0,,,,,,3202,0,0
3217,-1,9,,,0,,,,,,3202,0,0
3218,-1,9,,,0,,,,,,3202,0,0
3219,-1,9,,,0,,,,,,3202,0,0
